2026-06-15T00:09:57.030Z In(05) vmx Log for VMware Fusion pid=78201 version=13.6.4 build=build-24832108 option=Release
2026-06-15T00:09:57.030Z In(05) vmx The host is 64-bit Arm.
2026-06-15T00:09:57.030Z In(05) vmx Host codepage=UTF-8 encoding=UTF-8
2026-06-15T00:09:57.030Z In(05) vmx Host is macOS 26.5 (25F71) Darwin 25.5.0
2026-06-15T00:09:57.030Z In(05) vmx Host offset from UTC is -04:00.
2026-06-15T00:09:57.018Z In(05) vmx VTHREAD 8295161472 "vmx" tid 39152094
2026-06-15T00:09:57.020Z In(05) vmx Msg_SetLocaleEx: HostLocale=UTF-8 UserLocale=en
2026-06-15T00:09:57.020Z In(05) vmx DictionaryLoad: Cannot open file "/Applications/VMware Fusion.app/Contents/Library/messages/en/vmware.vmsg": No such file or directory.
2026-06-15T00:09:57.020Z In(05) vmx DictionaryLoad: Cannot open file "/Library/Preferences/VMware Fusion/config": No such file or directory.
2026-06-15T00:09:57.020Z In(05) vmx Msg_Reset:
2026-06-15T00:09:57.020Z In(05) vmx [msg.dictionary.load.openFailed] Cannot open file "/Library/Preferences/VMware Fusion/config": No such file or directory.
2026-06-15T00:09:57.020Z In(05) vmx ----------------------------------------
2026-06-15T00:09:57.020Z In(05) vmx ConfigDB: Failed to load /Library/Preferences/VMware Fusion/config
2026-06-15T00:09:57.020Z In(05) vmx DictionaryLoad: Cannot open file "/dev/null/Non-existing DEFAULT_LIBDIRECTORY/config": Not a directory.
2026-06-15T00:09:57.020Z In(05) vmx Msg_Reset:
2026-06-15T00:09:57.020Z In(05) vmx [msg.dictionary.load.openFailed] Cannot open file "/dev/null/Non-existing DEFAULT_LIBDIRECTORY/config": Not a directory.
2026-06-15T00:09:57.020Z In(05) vmx ----------------------------------------
2026-06-15T00:09:57.020Z In(05) vmx ConfigDB: Failed to load /dev/null/Non-existing DEFAULT_LIBDIRECTORY/config
2026-06-15T00:09:57.020Z In(05) vmx DictionaryLoad: Cannot open file "/dev/null/Non-existing DEFAULT_LIBDIRECTORY/settings": Not a directory.
2026-06-15T00:09:57.020Z In(05) vmx Msg_Reset:
2026-06-15T00:09:57.020Z In(05) vmx [msg.dictionary.load.openFailed] Cannot open file "/dev/null/Non-existing DEFAULT_LIBDIRECTORY/settings": Not a directory.
2026-06-15T00:09:57.020Z In(05) vmx ----------------------------------------
2026-06-15T00:09:57.020Z In(05) vmx ConfigDB: Failed to load /dev/null/Non-existing DEFAULT_LIBDIRECTORY/settings
2026-06-15T00:09:57.020Z In(05) vmx DictionaryLoad: Cannot open file "/Users/jijojohn/Library/Preferences/VMware Fusion/config": No such file or directory.
2026-06-15T00:09:57.020Z In(05) vmx Msg_Reset:
2026-06-15T00:09:57.020Z In(05) vmx [msg.dictionary.load.openFailed] Cannot open file "/Users/jijojohn/Library/Preferences/VMware Fusion/config": No such file or directory.
2026-06-15T00:09:57.020Z In(05) vmx ----------------------------------------
2026-06-15T00:09:57.020Z In(05) vmx ConfigDB: Failed to load ~/Library/Preferences/VMware Fusion/config
2026-06-15T00:09:57.027Z In(05) vmx OBJLIB-LIB: Objlib initialized.
2026-06-15T00:09:57.027Z In(05) vmx DictionaryLoad: Cannot open file "/Library/Preferences/VMware Fusion/config": No such file or directory.
2026-06-15T00:09:57.027Z In(05) vmx [msg.dictionary.load.openFailed] Cannot open file "/Library/Preferences/VMware Fusion/config": No such file or directory.
2026-06-15T00:09:57.027Z In(05) vmx PREF Optional preferences file not found at /Library/Preferences/VMware Fusion/config. Using default values.
2026-06-15T00:09:57.027Z In(05) vmx DictionaryLoad: Cannot open file "/Applications/VMware Fusion.app/Contents/Library/settings": No such file or directory.
2026-06-15T00:09:57.027Z In(05) vmx [msg.dictionary.load.openFailed] Cannot open file "/Applications/VMware Fusion.app/Contents/Library/settings": No such file or directory.
2026-06-15T00:09:57.027Z In(05) vmx PREF Optional preferences file not found at /Applications/VMware Fusion.app/Contents/Library/settings. Using default values.
2026-06-15T00:09:57.027Z In(05) vmx DictionaryLoad: Cannot open file "/Applications/VMware Fusion.app/Contents/Library/config": No such file or directory.
2026-06-15T00:09:57.027Z In(05) vmx [msg.dictionary.load.openFailed] Cannot open file "/Applications/VMware Fusion.app/Contents/Library/config": No such file or directory.
2026-06-15T00:09:57.027Z In(05) vmx PREF Optional preferences file not found at /Applications/VMware Fusion.app/Contents/Library/config. Using default values.
2026-06-15T00:09:57.027Z In(05) vmx DictionaryLoad: Cannot open file "/Users/jijojohn/Library/Preferences/VMware Fusion/config": No such file or directory.
2026-06-15T00:09:57.027Z In(05) vmx [msg.dictionary.load.openFailed] Cannot open file "/Users/jijojohn/Library/Preferences/VMware Fusion/config": No such file or directory.
2026-06-15T00:09:57.027Z In(05) vmx PREF Optional preferences file not found at /Users/jijojohn/Library/Preferences/VMware Fusion/config. Using default values.
2026-06-15T00:09:57.030Z In(05) vmx lib/ssl: OpenSSL using default provider
2026-06-15T00:09:57.030Z In(05) vmx lib/ssl: Client usage
2026-06-15T00:09:57.030Z In(05) vmx lib/ssl: protocol list tls1.2
2026-06-15T00:09:57.030Z In(05) vmx lib/ssl: protocol min 0x303 max 0x303
2026-06-15T00:09:57.030Z In(05) vmx lib/ssl: protocol list tls1.2 (openssl flags 0x36000000)
2026-06-15T00:09:57.030Z In(05) vmx lib/ssl: cipher list ECDHE+AESGCM:RSA+AESGCM:ECDHE+AES:RSA+AES
2026-06-15T00:09:57.030Z In(05) vmx lib/ssl: cipher suites TLS_AES_128_GCM_SHA256:TLS_AES_256_GCM_SHA384
2026-06-15T00:09:57.030Z In(05) vmx lib/ssl: curves list prime256v1:secp384r1:secp521r1
2026-06-15T00:09:57.030Z In(05) vmx lib/ssl: Server usage
2026-06-15T00:09:57.030Z In(05) vmx lib/ssl: protocol list tls1.2
2026-06-15T00:09:57.030Z In(05) vmx lib/ssl: protocol min 0x303 max 0x303
2026-06-15T00:09:57.030Z In(05) vmx lib/ssl: protocol list tls1.2 (openssl flags 0x36000000)
2026-06-15T00:09:57.030Z In(05) vmx lib/ssl: cipher list ECDHE+AESGCM:RSA+AESGCM:ECDHE+AES:RSA+AES
2026-06-15T00:09:57.030Z In(05) vmx lib/ssl: cipher suites TLS_AES_128_GCM_SHA256:TLS_AES_256_GCM_SHA384
2026-06-15T00:09:57.030Z In(05) vmx lib/ssl: curves list prime256v1:secp384r1:secp521r1
2026-06-15T00:09:57.031Z In(05) vmx Hostname=Jijos-Mac-mini.local
2026-06-15T00:09:57.031Z In(05) vmx IP=127.0.0.1 (lo0)
2026-06-15T00:09:57.031Z In(05) vmx IP=::1 (lo0)
2026-06-15T00:09:57.031Z In(05) vmx IP=fe80::1 (lo0)
2026-06-15T00:09:57.031Z In(05) vmx IP=fe80::2a2d:7028:da43:5cd0 (utun0)
2026-06-15T00:09:57.031Z In(05) vmx IP=fe80::7f10:c8a1:cea1:a11b (utun1)
2026-06-15T00:09:57.031Z In(05) vmx IP=fe80::d7:b5c1:1293:9c05 (en1)
2026-06-15T00:09:57.031Z In(05) vmx IP=192.168.1.74 (en1)
2026-06-15T00:09:57.031Z In(05) vmx IP=fd76:ff4e:a436:f3e1:4ee:a356:5eb8:f204 (en1)
2026-06-15T00:09:57.031Z In(05) vmx IP=2001:56b:2c20:2b00:c2d:17a8:7dc9:a847 (en1)
2026-06-15T00:09:57.031Z In(05) vmx IP=2001:56b:2c20:2b00:4de2:be28:af46:d77a (en1)
2026-06-15T00:09:57.031Z In(05) vmx IP=2001:56b:2c20:2b00:b819:a100:36d3:c5f5 (en1)
2026-06-15T00:09:57.031Z In(05) vmx IP=2001:56b:2c20:2b00:c016:9ddb:7c83:79aa (en1)
2026-06-15T00:09:57.031Z In(05) vmx IP=2001:56b:2c20:2b00:8087:3f69:c133:a041 (en1)
2026-06-15T00:09:57.031Z In(05) vmx IP=2001:56b:2c20:2b00:54c4:2251:68d8:e396 (en1)
2026-06-15T00:09:57.031Z In(05) vmx IP=2001:56b:2c20:2b00:b46c:a72e:eecf:146f (en1)
2026-06-15T00:09:57.031Z In(05) vmx IP=fe80::468:7eff:fea8:8924 (awdl0)
2026-06-15T00:09:57.031Z In(05) vmx IP=fe80::468:7eff:fea8:8924 (llw0)
2026-06-15T00:09:57.031Z In(05) vmx IP=fe80::1d88:f034:b062:da38 (utun2)
2026-06-15T00:09:57.031Z In(05) vmx IP=fe80::ce81:b1c:bd2c:69e (utun3)
2026-06-15T00:09:57.031Z In(05) vmx IP=fe80::7776:2b36:bfec:5eb0 (utun4)
2026-06-15T00:09:57.031Z In(05) vmx IP=fe80::6f33:933b:d4f0:c94c (utun5)
2026-06-15T00:09:57.031Z In(05) vmx IP=fe80::b42:6a59:371:79ce (utun6)
2026-06-15T00:09:57.031Z In(05) vmx IP=fe80::4400:95ff:fe3e:59fd (en10)
2026-06-15T00:09:57.031Z In(05) vmx IP=fe80::4b3:7f57:1598:4ade (en15)
2026-06-15T00:09:57.031Z In(05) vmx IP=169.254.78.153 (en15)
2026-06-15T00:09:57.031Z In(05) vmx IP=172.16.140.1 (bridge100)
2026-06-15T00:09:57.031Z In(05) vmx IP=fe80::d011:e5ff:fe0f:5064 (bridge100)
2026-06-15T00:09:57.031Z In(05) vmx IP=172.16.175.1 (bridge101)
2026-06-15T00:09:57.031Z In(05) vmx IP=fe80::d011:e5ff:fe0f:5065 (bridge101)
2026-06-15T00:09:57.031Z In(05) vmx System uptime 1358431137472 us
2026-06-15T00:09:57.031Z In(05) vmx Command line: "/Applications/VMware Fusion.app/Contents/Library/vmware-vmx" "-E" "en" "-s" "vmx.stdio.keep=TRUE" "-#" "product=64;name=VMware Fusion;version=13.6.4;buildnumber=24832108;licensename=VMware Fusion for Mac OS;licenseversion=13.0;" "-@" "duplex=3;msgs=ui" "-D" "4" "/Users/jijojohn/Desktop/ainux/vmware_build/TensorAgentOS.vmx"
2026-06-15T00:09:57.031Z In(05) vmx Msg_SetLocaleEx: HostLocale=UTF-8 UserLocale=en
2026-06-15T00:09:57.031Z In(05) vmx DictionaryLoad: Cannot open file "/Applications/VMware Fusion.app/Contents/Library/messages/en/vmware.vmsg": No such file or directory.
2026-06-15T00:09:57.078Z In(05) vmx Duplex socket: 3
2026-06-15T00:09:57.086Z In(05) vmx WQPoolAllocPoll : pollIx = 1, signalHandle = 16
2026-06-15T00:09:57.086Z In(05) vmx WQPoolAllocPoll : pollIx = 2, signalHandle = 19
2026-06-15T00:09:57.086Z In(05) vmx VigorTransport listening on fd 20
2026-06-15T00:09:57.086Z In(05) vmx Vigor_Init 1
2026-06-15T00:09:57.086Z In(05) vmx Connecting 'ui' to fd '3' with user '(null)'
2026-06-15T00:09:57.086Z In(05) vmx VmdbAddConnection: cnxPath=/db/connection/#1/, cnxIx=1
2026-06-15T00:09:57.086Z In(05) vmx /Users/jijojohn/Desktop/ainux/vmware_build/TensorAgentOS.vmx: Setup symlink /var/run/vmware/9dc6d5806582acb8e61f724c50fbf27bc6709be18938f01cd3f46b34015e3ba5 -> /var/run/vmware/501/1358431183746_78201
2026-06-15T00:09:57.087Z In(05) vmx Vix: [mainDispatch.c:489]: VMAutomation: Initializing VMAutomation.
2026-06-15T00:09:57.087Z In(05) vmx Vix: [mainDispatch.c:741]: VMAutomationOpenListenerSocket() listening
2026-06-15T00:09:57.088Z In(05) vmx Vix: [mainDispatch.c:4213]: VMAutomation_ReportPowerOpFinished: statevar=0, newAppState=1870, success=1 additionalError=0
2026-06-15T00:09:57.088Z In(05) vmx Transitioned vmx/execState/val to poweredOff
2026-06-15T00:09:57.088Z In(05) vmx Vix: [mainDispatch.c:4213]: VMAutomation_ReportPowerOpFinished: statevar=1, newAppState=1873, success=1 additionalError=0
2026-06-15T00:09:57.088Z In(05) vmx Vix: [mainDispatch.c:4213]: VMAutomation_ReportPowerOpFinished: statevar=2, newAppState=1877, success=1 additionalError=0
2026-06-15T00:09:57.088Z In(05) vmx Vix: [mainDispatch.c:4213]: VMAutomation_ReportPowerOpFinished: statevar=3, newAppState=1881, success=1 additionalError=0
2026-06-15T00:09:57.094Z In(05) vmx Services_Init: Successfully opened the services.
2026-06-15T00:09:57.094Z In(05) vmx FeatureCompat: No EVC masks.
2026-06-15T00:09:57.094Z In(05) vmx UTIL: Current file descriptor limit: soft 10496, hard 4294967295.
2026-06-15T00:09:57.094Z In(05) vmx Using 24000000 Hz
2026-06-15T00:09:57.094Z In(05) vmx PTSC: RefClockToPTSC 0 @ 24000000Hz -> 0 @ 24000000Hz
2026-06-15T00:09:57.094Z In(05) vmx PTSC: RefClockToPTSC ((x * 2147483648) >> 31) + 0
2026-06-15T00:09:57.094Z In(05) vmx PTSC: tscOffset 0
2026-06-15T00:09:57.094Z In(05) vmx PTSC: using user-level reference clock
2026-06-15T00:09:57.094Z In(05) vmx PTSC: hardware TSCs are synchronized.
2026-06-15T00:09:57.094Z In(05) vmx PTSC: current PTSC=32602348802142
2026-06-15T00:09:57.095Z In(05) vmx WQPoolAllocPoll : pollIx = 3, signalHandle = 26
2026-06-15T00:09:57.095Z In(05) vmx Current Display Settings:
2026-06-15T00:09:57.095Z In(05) vmx    Display: 0 size: 3440x1440 pixelSize: 3440x1440 position: (0, 0) Primary
2026-06-15T00:09:57.095Z In(05) vmx [1040E0000-104F6C000): /Applications/VMware Fusion.app/Contents/Library/vmware-vmx
2026-06-15T00:09:57.103Z In(05) vmx ConfigCheck: No rules file found. Checks are disabled.
2026-06-15T00:09:57.103Z In(05) vmx changing directory to /Users/jijojohn/Desktop/ainux/vmware_build/.
2026-06-15T00:09:57.103Z In(05) vmx Config file: /Users/jijojohn/Desktop/ainux/vmware_build/TensorAgentOS.vmx
2026-06-15T00:09:57.103Z In(05) vmx Vix: [mainDispatch.c:4213]: VMAutomation_ReportPowerOpFinished: statevar=1, newAppState=1873, success=1 additionalError=0
2026-06-15T00:09:57.103Z In(05) vmx Vix: [mainDispatch.c:4213]: VMAutomation_ReportPowerOpFinished: statevar=2, newAppState=1878, success=1 additionalError=0
2026-06-15T00:09:57.103Z In(05) vmx LogRotation: Rotating to a new log file (keepOld 3) took 0.000007 seconds.
2026-06-15T00:09:57.103Z No(00) vmx LogVMXReplace: Successful switching from temporary to permanent log file took 0.000232 seconds.
2026-06-15T00:09:57.108Z No(00) vmx ConfigDB: Setting virtualHW.productCompatibility = "hosted"
2026-06-15T00:09:57.121Z Wa(03) vmx PowerOn
2026-06-15T00:09:57.121Z In(05) vmx VMX_PowerOn: VMX build 24832108, UI build 24832108
2026-06-15T00:09:57.121Z In(05) vmx Processor affinity not supported on this host OS
2026-06-15T00:09:57.123Z In(05) vmx Vix: [mainDispatch.c:4213]: VMAutomation_ReportPowerOpFinished: statevar=0, newAppState=1871, success=1 additionalError=0
2026-06-15T00:09:57.123Z No(00) vmx ConfigDB: Setting vmxstats.filename = "TensorAgentOS.scoreboard"
2026-06-15T00:09:57.123Z In(05) vmx STATSFILE: StatsFile '/Users/jijojohn/Desktop/ainux/vmware_build/TensorAgentOS.scoreboard' created
2026-06-15T00:09:57.123Z In(05) vmx HOST sysname Darwin, nodename Jijos-Mac-mini.local, release 25.5.0, version Darwin Kernel Version 25.5.0: Mon Apr 27 20:41:26 PDT 2026; root:xnu-12377.121.6~2/RELEASE_ARM64_T8132, machine arm64
2026-06-15T00:09:57.123Z In(05) vmx DICT --- GLOBAL SETTINGS /Applications/VMware Fusion.app/Contents/Library/settings
2026-06-15T00:09:57.123Z In(05) vmx DICT --- NON PERSISTENT (null)
2026-06-15T00:09:57.123Z In(05) vmx DICT --- USER PREFERENCES /Users/jijojohn/Library/Preferences/VMware Fusion/preferences
2026-06-15T00:09:57.123Z In(05) vmx DICT pref.dataCollectionEnabled.epoch = ""
2026-06-15T00:09:57.123Z In(05) vmx DICT pref.dataCollectionEnabled = "TRUE"
2026-06-15T00:09:57.123Z In(05) vmx DICT pref.keyboardAndMouse.vmHotKey.enabled = "FALSE"
2026-06-15T00:09:57.123Z In(05) vmx DICT pref.keyboardAndMouse.vmHotKey.count = "0"
2026-06-15T00:09:57.123Z In(05) vmx DICT   pref.lastUpdateCheckSec = "1781481601"
2026-06-15T00:09:57.123Z In(05) vmx DICT pref.keyboardAndMouse.defaultProfileKey = "5216881e-efdf-0655-1bc8-05c0e4afc039"
2026-06-15T00:09:57.123Z In(05) vmx DICT pref.keyboardAndMouse.maxProfiles = "4"
2026-06-15T00:09:57.123Z In(05) vmx DICT pref.keyboardAndMouse.profile0.profileKey = "5216881e-efdf-0655-1bc8-05c0e4afc039"
2026-06-15T00:09:57.123Z In(05) vmx DICT pref.keyboardAndMouse.profile0.profileName = "Profile"
2026-06-15T00:09:57.123Z In(05) vmx DICT pref.keyboardAndMouse.profile0.profileType = "standard"
2026-06-15T00:09:57.123Z In(05) vmx DICT pref.keyboardAndMouse.profile0.enableOSShortcuts = "TRUE"
2026-06-15T00:09:57.123Z In(05) vmx DICT pref.keyboardAndMouse.profile0.enableKeyMappings = "TRUE"
2026-06-15T00:09:57.123Z In(05) vmx DICT pref.keyboardAndMouse.profile0.languageSpecificKeyMappingsEnabled = "TRUE"
2026-06-15T00:09:57.123Z In(05) vmx DICT pref.keyboardAndMouse.profile0.selectedLanguage = ""
2026-06-15T00:09:57.123Z In(05) vmx DICT pref.keyboardAndMouse.profile0.cmdKeyFilterType = "none"
2026-06-15T00:09:57.123Z In(05) vmx DICT pref.keyboardAndMouse.profile0.maxMappings = "23"
2026-06-15T00:09:57.123Z In(05) vmx DICT pref.keyboardAndMouse.profile0.mapping0.mappingKey = "0"
2026-06-15T00:09:57.123Z In(05) vmx DICT pref.keyboardAndMouse.profile0.mapping0.enabled = "TRUE"
2026-06-15T00:09:57.123Z In(05) vmx DICT pref.keyboardAndMouse.profile0.mapping0.fromHost = "GUI Z"
2026-06-15T00:09:57.123Z In(05) vmx DICT pref.keyboardAndMouse.profile0.mapping0.toGuest = "CONTROL Z"
2026-06-15T00:09:57.123Z In(05) vmx DICT pref.keyboardAndMouse.profile0.mapping1.mappingKey = "1"
2026-06-15T00:09:57.123Z In(05) vmx DICT pref.keyboardAndMouse.profile0.mapping1.enabled = "TRUE"
2026-06-15T00:09:57.123Z In(05) vmx DICT pref.keyboardAndMouse.profile0.mapping1.fromHost = "GUI X"
2026-06-15T00:09:57.123Z In(05) vmx DICT pref.keyboardAndMouse.profile0.mapping1.toGuest = "CONTROL X"
2026-06-15T00:09:57.123Z In(05) vmx DICT pref.keyboardAndMouse.profile0.mapping2.mappingKey = "2"
2026-06-15T00:09:57.123Z In(05) vmx DICT pref.keyboardAndMouse.profile0.mapping2.enabled = "TRUE"
2026-06-15T00:09:57.123Z In(05) vmx DICT pref.keyboardAndMouse.profile0.mapping2.fromHost = "GUI C"
2026-06-15T00:09:57.123Z In(05) vmx DICT pref.keyboardAndMouse.profile0.mapping2.toGuest = "CONTROL C"
2026-06-15T00:09:57.123Z In(05) vmx DICT pref.keyboardAndMouse.profile0.mapping3.mappingKey = "3"
2026-06-15T00:09:57.123Z In(05) vmx DICT pref.keyboardAndMouse.profile0.mapping3.enabled = "TRUE"
2026-06-15T00:09:57.123Z In(05) vmx DICT pref.keyboardAndMouse.profile0.mapping3.fromHost = "GUI V"
2026-06-15T00:09:57.123Z In(05) vmx DICT pref.keyboardAndMouse.profile0.mapping3.toGuest = "CONTROL V"
2026-06-15T00:09:57.123Z In(05) vmx DICT pref.keyboardAndMouse.profile0.mapping4.mappingKey = "4"
2026-06-15T00:09:57.123Z In(05) vmx DICT pref.keyboardAndMouse.profile0.mapping4.enabled = "TRUE"
2026-06-15T00:09:57.123Z In(05) vmx DICT pref.keyboardAndMouse.profile0.mapping4.fromHost = "GUI P"
2026-06-15T00:09:57.123Z In(05) vmx DICT pref.keyboardAndMouse.profile0.mapping4.toGuest = "CONTROL P"
2026-06-15T00:09:57.123Z In(05) vmx DICT pref.keyboardAndMouse.profile0.mapping5.mappingKey = "5"
2026-06-15T00:09:57.123Z In(05) vmx DICT pref.keyboardAndMouse.profile0.mapping5.enabled = "TRUE"
2026-06-15T00:09:57.123Z In(05) vmx DICT pref.keyboardAndMouse.profile0.mapping5.fromHost = "GUI A"
2026-06-15T00:09:57.123Z In(05) vmx DICT pref.keyboardAndMouse.profile0.mapping5.toGuest = "CONTROL A"
2026-06-15T00:09:57.123Z In(05) vmx DICT pref.keyboardAndMouse.profile0.mapping6.mappingKey = "6"
2026-06-15T00:09:57.123Z In(05) vmx DICT pref.keyboardAndMouse.profile0.mapping6.enabled = "TRUE"
2026-06-15T00:09:57.123Z In(05) vmx DICT pref.keyboardAndMouse.profile0.mapping6.fromHost = "GUI S"
2026-06-15T00:09:57.123Z In(05) vmx DICT pref.keyboardAndMouse.profile0.mapping6.toGuest = "CONTROL S"
2026-06-15T00:09:57.123Z In(05) vmx DICT pref.keyboardAndMouse.profile0.mapping7.mappingKey = "7"
2026-06-15T00:09:57.123Z In(05) vmx DICT pref.keyboardAndMouse.profile0.mapping7.enabled = "TRUE"
2026-06-15T00:09:57.123Z In(05) vmx DICT pref.keyboardAndMouse.profile0.mapping7.fromHost = "GUI F"
2026-06-15T00:09:57.123Z In(05) vmx DICT pref.keyboardAndMouse.profile0.mapping7.toGuest = "0x03d"
2026-06-15T00:09:57.123Z In(05) vmx DICT pref.keyboardAndMouse.profile0.mapping8.mappingKey = "8"
2026-06-15T00:09:57.123Z In(05) vmx DICT pref.keyboardAndMouse.profile0.mapping8.enabled = "TRUE"
2026-06-15T00:09:57.123Z In(05) vmx DICT pref.keyboardAndMouse.profile0.mapping8.fromHost = "GUI W"
2026-06-15T00:09:57.123Z In(05) vmx DICT pref.keyboardAndMouse.profile0.mapping8.toGuest = "ALT 0x03e"
2026-06-15T00:09:57.123Z In(05) vmx DICT pref.keyboardAndMouse.profile0.mapping9.mappingKey = "9"
2026-06-15T00:09:57.123Z In(05) vmx DICT pref.keyboardAndMouse.profile0.mapping9.enabled = "TRUE"
2026-06-15T00:09:57.123Z In(05) vmx DICT pref.keyboardAndMouse.profile0.mapping9.fromHost = "CONTROL ALT 0xe"
2026-06-15T00:09:57.123Z In(05) vmx DICT pref.keyboardAndMouse.profile0.mapping9.toGuest = "CONTROL ALT 0x153"
2026-06-15T00:09:57.123Z In(05) vmx DICT pref.keyboardAndMouse.profile0.mapping10.mappingKey = "10"
2026-06-15T00:09:57.123Z In(05) vmx DICT pref.keyboardAndMouse.profile0.mapping10.enabled = "FALSE"
2026-06-15T00:09:57.123Z In(05) vmx DICT pref.keyboardAndMouse.profile0.mapping10.fromHost = "0x11c"
2026-06-15T00:09:57.123Z In(05) vmx DICT pref.keyboardAndMouse.profile0.mapping10.toGuest = "0x138"
2026-06-15T00:09:57.123Z In(05) vmx DICT pref.keyboardAndMouse.profile0.mapping11.mappingKey = "11"
2026-06-15T00:09:57.123Z In(05) vmx DICT pref.keyboardAndMouse.profile0.mapping11.enabled = "TRUE"
2026-06-15T00:09:57.123Z In(05) vmx DICT pref.keyboardAndMouse.profile0.mapping11.fromHost = "Mouse1 Control"
2026-06-15T00:09:57.123Z In(05) vmx DICT pref.keyboardAndMouse.profile0.mapping11.toGuest = "Mouse2"
2026-06-15T00:09:57.123Z In(05) vmx DICT pref.keyboardAndMouse.profile0.mapping12.mappingKey = "12"
2026-06-15T00:09:57.123Z In(05) vmx DICT pref.keyboardAndMouse.profile0.mapping12.enabled = "TRUE"
2026-06-15T00:09:57.123Z In(05) vmx DICT pref.keyboardAndMouse.profile0.mapping12.fromHost = "Mouse1 GUI"
2026-06-15T00:09:57.123Z In(05) vmx DICT pref.keyboardAndMouse.profile0.mapping12.toGuest = "Mouse3"
2026-06-15T00:09:57.123Z In(05) vmx DICT pref.keyboardAndMouse.profile0.mapping13.mappingKey = "13"
2026-06-15T00:09:57.123Z In(05) vmx DICT pref.keyboardAndMouse.profile0.mapping13.enabled = "TRUE"
2026-06-15T00:09:57.123Z In(05) vmx DICT pref.keyboardAndMouse.profile0.mapping13.fromHost = "GUI CONTROL"
2026-06-15T00:09:57.123Z In(05) vmx DICT pref.keyboardAndMouse.profile0.mapping13.toGuest = "Ungrab"
2026-06-15T00:09:57.123Z In(05) vmx DICT pref.keyboardAndMouse.profile0.mapping14.mappingKey = "14"
2026-06-15T00:09:57.123Z In(05) vmx DICT pref.keyboardAndMouse.profile0.mapping14.enabled = "TRUE"
2026-06-15T00:09:57.123Z In(05) vmx DICT pref.keyboardAndMouse.profile0.mapping14.fromHost = "GUI CONTROL F"
2026-06-15T00:09:57.123Z In(05) vmx DICT pref.keyboardAndMouse.profile0.mapping14.toGuest = "Fullscreen"
2026-06-15T00:09:57.123Z In(05) vmx DICT pref.keyboardAndMouse.profile0.mapping15.mappingKey = "15"
2026-06-15T00:09:57.123Z In(05) vmx DICT pref.keyboardAndMouse.profile0.mapping15.enabled = "TRUE"
2026-06-15T00:09:57.123Z In(05) vmx DICT pref.keyboardAndMouse.profile0.mapping15.fromHost = "GUI CONTROL S"
2026-06-15T00:09:57.123Z In(05) vmx DICT pref.keyboardAndMouse.profile0.mapping15.toGuest = "SingleWindow"
2026-06-15T00:09:57.123Z In(05) vmx DICT pref.keyboardAndMouse.profile0.mapping16.mappingKey = "16"
2026-06-15T00:09:57.123Z In(05) vmx DICT pref.keyboardAndMouse.profile0.mapping16.enabled = "TRUE"
2026-06-15T00:09:57.123Z In(05) vmx DICT pref.keyboardAndMouse.profile0.mapping16.fromHost = "GUI 0x029"
2026-06-15T00:09:57.123Z In(05) vmx DICT pref.keyboardAndMouse.profile0.mapping16.toGuest = "CycleWindow"
2026-06-15T00:09:57.123Z In(05) vmx DICT pref.keyboardAndMouse.profile0.mapping17.mappingKey = "17"
2026-06-15T00:09:57.123Z In(05) vmx DICT pref.keyboardAndMouse.profile0.mapping17.enabled = "TRUE"
2026-06-15T00:09:57.123Z In(05) vmx DICT pref.keyboardAndMouse.profile0.mapping17.fromHost = "GUI SHIFT 0x029"
2026-06-15T00:09:57.123Z In(05) vmx DICT pref.keyboardAndMouse.profile0.mapping17.toGuest = "CycleWindowReverse"
2026-06-15T00:09:57.123Z In(05) vmx DICT pref.keyboardAndMouse.profile0.mapping18.mappingKey = "18"
2026-06-15T00:09:57.123Z In(05) vmx DICT pref.keyboardAndMouse.profile0.mapping18.enabled = "TRUE"
2026-06-15T00:09:57.123Z In(05) vmx DICT pref.keyboardAndMouse.profile0.mapping18.fromHost = "GUI H"
2026-06-15T00:09:57.123Z In(05) vmx DICT pref.keyboardAndMouse.profile0.mapping18.toGuest = "HideApplication"
2026-06-15T00:09:57.123Z In(05) vmx DICT pref.keyboardAndMouse.profile0.mapping19.mappingKey = "19"
2026-06-15T00:09:57.123Z In(05) vmx DICT pref.keyboardAndMouse.profile0.mapping19.enabled = "TRUE"
2026-06-15T00:09:57.123Z In(05) vmx DICT pref.keyboardAndMouse.profile0.mapping19.fromHost = "GUI M"
2026-06-15T00:09:57.123Z In(05) vmx DICT pref.keyboardAndMouse.profile0.mapping19.toGuest = "MinimizeWindow"
2026-06-15T00:09:57.123Z In(05) vmx DICT pref.keyboardAndMouse.profile0.mapping20.mappingKey = "20"
2026-06-15T00:09:57.123Z In(05) vmx DICT pref.keyboardAndMouse.profile0.mapping20.enabled = "TRUE"
2026-06-15T00:09:57.123Z In(05) vmx DICT pref.keyboardAndMouse.profile0.mapping20.fromHost = "GUI Q"
2026-06-15T00:09:57.123Z In(05) vmx DICT pref.keyboardAndMouse.profile0.mapping20.toGuest = "Quit"
2026-06-15T00:09:57.123Z In(05) vmx DICT pref.keyboardAndMouse.profile0.mapping21.mappingKey = "21"
2026-06-15T00:09:57.123Z In(05) vmx DICT pref.keyboardAndMouse.profile0.mapping21.enabled = "TRUE"
2026-06-15T00:09:57.123Z In(05) vmx DICT pref.keyboardAndMouse.profile0.mapping21.fromHost = "GUI SHIFT M"
2026-06-15T00:09:57.123Z In(05) vmx DICT pref.keyboardAndMouse.profile0.mapping21.toGuest = "ToggleHideMenu"
2026-06-15T00:09:57.123Z In(05) vmx DICT pref.keyboardAndMouse.profile0.mapping22.mappingKey = "22"
2026-06-15T00:09:57.124Z In(05) vmx DICT pref.keyboardAndMouse.profile0.mapping22.enabled = "FALSE"
2026-06-15T00:09:57.124Z In(05) vmx DICT pref.keyboardAndMouse.profile0.mapping22.fromHost = "GUI E"
2026-06-15T00:09:57.124Z In(05) vmx DICT pref.keyboardAndMouse.profile0.mapping22.toGuest = "Settings"
2026-06-15T00:09:57.124Z In(05) vmx DICT pref.keyboardAndMouse.profile1.profileKey = "521c108b-6eba-77f0-ff2f-175a5c59f18d"
2026-06-15T00:09:57.124Z In(05) vmx DICT pref.keyboardAndMouse.profile1.profileName = "Windows 8 Profile"
2026-06-15T00:09:57.124Z In(05) vmx DICT pref.keyboardAndMouse.profile1.profileType = "windows8"
2026-06-15T00:09:57.124Z In(05) vmx DICT pref.keyboardAndMouse.profile1.enableOSShortcuts = "TRUE"
2026-06-15T00:09:57.124Z In(05) vmx DICT pref.keyboardAndMouse.profile1.enableKeyMappings = "TRUE"
2026-06-15T00:09:57.124Z In(05) vmx DICT pref.keyboardAndMouse.profile1.languageSpecificKeyMappingsEnabled = "TRUE"
2026-06-15T00:09:57.124Z In(05) vmx DICT pref.keyboardAndMouse.profile1.selectedLanguage = ""
2026-06-15T00:09:57.124Z In(05) vmx DICT pref.keyboardAndMouse.profile1.cmdKeyFilterType = "none"
2026-06-15T00:09:57.124Z In(05) vmx DICT pref.keyboardAndMouse.profile1.maxMappings = "32"
2026-06-15T00:09:57.124Z In(05) vmx DICT pref.keyboardAndMouse.profile1.mapping0.mappingKey = "0"
2026-06-15T00:09:57.124Z In(05) vmx DICT pref.keyboardAndMouse.profile1.mapping0.enabled = "TRUE"
2026-06-15T00:09:57.124Z In(05) vmx DICT pref.keyboardAndMouse.profile1.mapping0.fromHost = "GUI Z"
2026-06-15T00:09:57.124Z In(05) vmx DICT pref.keyboardAndMouse.profile1.mapping0.toGuest = "CONTROL Z"
2026-06-15T00:09:57.124Z In(05) vmx DICT pref.keyboardAndMouse.profile1.mapping1.mappingKey = "1"
2026-06-15T00:09:57.124Z In(05) vmx DICT pref.keyboardAndMouse.profile1.mapping1.enabled = "TRUE"
2026-06-15T00:09:57.124Z In(05) vmx DICT pref.keyboardAndMouse.profile1.mapping1.fromHost = "GUI X"
2026-06-15T00:09:57.124Z In(05) vmx DICT pref.keyboardAndMouse.profile1.mapping1.toGuest = "CONTROL X"
2026-06-15T00:09:57.124Z In(05) vmx DICT pref.keyboardAndMouse.profile1.mapping2.mappingKey = "2"
2026-06-15T00:09:57.124Z In(05) vmx DICT pref.keyboardAndMouse.profile1.mapping2.enabled = "TRUE"
2026-06-15T00:09:57.124Z In(05) vmx DICT pref.keyboardAndMouse.profile1.mapping2.fromHost = "GUI C"
2026-06-15T00:09:57.124Z In(05) vmx DICT pref.keyboardAndMouse.profile1.mapping2.toGuest = "CONTROL C"
2026-06-15T00:09:57.124Z In(05) vmx DICT pref.keyboardAndMouse.profile1.mapping3.mappingKey = "3"
2026-06-15T00:09:57.124Z In(05) vmx DICT pref.keyboardAndMouse.profile1.mapping3.enabled = "TRUE"
2026-06-15T00:09:57.124Z In(05) vmx DICT pref.keyboardAndMouse.profile1.mapping3.fromHost = "GUI V"
2026-06-15T00:09:57.124Z In(05) vmx DICT pref.keyboardAndMouse.profile1.mapping3.toGuest = "CONTROL V"
2026-06-15T00:09:57.124Z In(05) vmx DICT pref.keyboardAndMouse.profile1.mapping4.mappingKey = "4"
2026-06-15T00:09:57.124Z In(05) vmx DICT pref.keyboardAndMouse.profile1.mapping4.enabled = "TRUE"
2026-06-15T00:09:57.124Z In(05) vmx DICT pref.keyboardAndMouse.profile1.mapping4.fromHost = "GUI P"
2026-06-15T00:09:57.124Z In(05) vmx DICT pref.keyboardAndMouse.profile1.mapping4.toGuest = "CONTROL P"
2026-06-15T00:09:57.124Z In(05) vmx DICT pref.keyboardAndMouse.profile1.mapping5.mappingKey = "5"
2026-06-15T00:09:57.124Z In(05) vmx DICT pref.keyboardAndMouse.profile1.mapping5.enabled = "TRUE"
2026-06-15T00:09:57.124Z In(05) vmx DICT pref.keyboardAndMouse.profile1.mapping5.fromHost = "GUI A"
2026-06-15T00:09:57.124Z In(05) vmx DICT pref.keyboardAndMouse.profile1.mapping5.toGuest = "CONTROL A"
2026-06-15T00:09:57.124Z In(05) vmx DICT pref.keyboardAndMouse.profile1.mapping6.mappingKey = "6"
2026-06-15T00:09:57.124Z In(05) vmx DICT pref.keyboardAndMouse.profile1.mapping6.enabled = "TRUE"
2026-06-15T00:09:57.124Z In(05) vmx DICT pref.keyboardAndMouse.profile1.mapping6.fromHost = "GUI S"
2026-06-15T00:09:57.124Z In(05) vmx DICT pref.keyboardAndMouse.profile1.mapping6.toGuest = "CONTROL S"
2026-06-15T00:09:57.124Z In(05) vmx DICT pref.keyboardAndMouse.profile1.mapping7.mappingKey = "7"
2026-06-15T00:09:57.124Z In(05) vmx DICT pref.keyboardAndMouse.profile1.mapping7.enabled = "TRUE"
2026-06-15T00:09:57.124Z In(05) vmx DICT pref.keyboardAndMouse.profile1.mapping7.fromHost = "GUI F"
2026-06-15T00:09:57.124Z In(05) vmx DICT pref.keyboardAndMouse.profile1.mapping7.toGuest = "0x03d"
2026-06-15T00:09:57.124Z In(05) vmx DICT pref.keyboardAndMouse.profile1.mapping8.mappingKey = "8"
2026-06-15T00:09:57.124Z In(05) vmx DICT pref.keyboardAndMouse.profile1.mapping8.enabled = "TRUE"
2026-06-15T00:09:57.124Z In(05) vmx DICT pref.keyboardAndMouse.profile1.mapping8.fromHost = "GUI W"
2026-06-15T00:09:57.124Z In(05) vmx DICT pref.keyboardAndMouse.profile1.mapping8.toGuest = "ALT 0x03e"
2026-06-15T00:09:57.124Z In(05) vmx DICT pref.keyboardAndMouse.profile1.mapping9.mappingKey = "9"
2026-06-15T00:09:57.124Z In(05) vmx DICT pref.keyboardAndMouse.profile1.mapping9.enabled = "TRUE"
2026-06-15T00:09:57.124Z In(05) vmx DICT pref.keyboardAndMouse.profile1.mapping9.fromHost = "CONTROL ALT 0xe"
2026-06-15T00:09:57.124Z In(05) vmx DICT pref.keyboardAndMouse.profile1.mapping9.toGuest = "CONTROL ALT 0x153"
2026-06-15T00:09:57.124Z In(05) vmx DICT pref.keyboardAndMouse.profile1.mapping10.mappingKey = "10"
2026-06-15T00:09:57.124Z In(05) vmx DICT pref.keyboardAndMouse.profile1.mapping10.enabled = "FALSE"
2026-06-15T00:09:57.124Z In(05) vmx DICT pref.keyboardAndMouse.profile1.mapping10.fromHost = "0x11c"
2026-06-15T00:09:57.124Z In(05) vmx DICT pref.keyboardAndMouse.profile1.mapping10.toGuest = "0x138"
2026-06-15T00:09:57.124Z In(05) vmx DICT pref.keyboardAndMouse.profile1.mapping11.mappingKey = "11"
2026-06-15T00:09:57.124Z In(05) vmx DICT pref.keyboardAndMouse.profile1.mapping11.enabled = "TRUE"
2026-06-15T00:09:57.124Z In(05) vmx DICT pref.keyboardAndMouse.profile1.mapping11.fromHost = "GUI SHIFT C"
2026-06-15T00:09:57.124Z In(05) vmx DICT pref.keyboardAndMouse.profile1.mapping11.toGuest = "GUI C"
2026-06-15T00:09:57.124Z In(05) vmx DICT pref.keyboardAndMouse.profile1.mapping12.mappingKey = "12"
2026-06-15T00:09:57.124Z In(05) vmx DICT pref.keyboardAndMouse.profile1.mapping12.enabled = "TRUE"
2026-06-15T00:09:57.124Z In(05) vmx DICT pref.keyboardAndMouse.profile1.mapping12.fromHost = "GUI SHIFT H"
2026-06-15T00:09:57.124Z In(05) vmx DICT pref.keyboardAndMouse.profile1.mapping12.toGuest = "GUI H"
2026-06-15T00:09:57.124Z In(05) vmx DICT pref.keyboardAndMouse.profile1.mapping13.mappingKey = "13"
2026-06-15T00:09:57.124Z In(05) vmx DICT pref.keyboardAndMouse.profile1.mapping13.enabled = "TRUE"
2026-06-15T00:09:57.124Z In(05) vmx DICT pref.keyboardAndMouse.profile1.mapping13.fromHost = "GUI SHIFT M"
2026-06-15T00:09:57.124Z In(05) vmx DICT pref.keyboardAndMouse.profile1.mapping13.toGuest = "GUI M"
2026-06-15T00:09:57.124Z In(05) vmx DICT pref.keyboardAndMouse.profile1.mapping14.mappingKey = "14"
2026-06-15T00:09:57.124Z In(05) vmx DICT pref.keyboardAndMouse.profile1.mapping14.enabled = "TRUE"
2026-06-15T00:09:57.124Z In(05) vmx DICT pref.keyboardAndMouse.profile1.mapping14.fromHost = "GUI SHIFT P"
2026-06-15T00:09:57.124Z In(05) vmx DICT pref.keyboardAndMouse.profile1.mapping14.toGuest = "GUI P"
2026-06-15T00:09:57.124Z In(05) vmx DICT pref.keyboardAndMouse.profile1.mapping15.mappingKey = "15"
2026-06-15T00:09:57.124Z In(05) vmx DICT pref.keyboardAndMouse.profile1.mapping15.enabled = "TRUE"
2026-06-15T00:09:57.124Z In(05) vmx DICT pref.keyboardAndMouse.profile1.mapping15.fromHost = "GUI SHIFT F"
2026-06-15T00:09:57.124Z In(05) vmx DICT pref.keyboardAndMouse.profile1.mapping15.toGuest = "GUI Q"
2026-06-15T00:09:57.124Z In(05) vmx DICT pref.keyboardAndMouse.profile1.mapping16.mappingKey = "16"
2026-06-15T00:09:57.124Z In(05) vmx DICT pref.keyboardAndMouse.profile1.mapping16.enabled = "TRUE"
2026-06-15T00:09:57.124Z In(05) vmx DICT pref.keyboardAndMouse.profile1.mapping16.fromHost = "GUI SHIFT V"
2026-06-15T00:09:57.124Z In(05) vmx DICT pref.keyboardAndMouse.profile1.mapping16.toGuest = "GUI V"
2026-06-15T00:09:57.124Z In(05) vmx DICT pref.keyboardAndMouse.profile1.mapping17.mappingKey = "17"
2026-06-15T00:09:57.124Z In(05) vmx DICT pref.keyboardAndMouse.profile1.mapping17.enabled = "TRUE"
2026-06-15T00:09:57.124Z In(05) vmx DICT pref.keyboardAndMouse.profile1.mapping17.fromHost = "GUI SHIFT W"
2026-06-15T00:09:57.124Z In(05) vmx DICT pref.keyboardAndMouse.profile1.mapping17.toGuest = "GUI W"
2026-06-15T00:09:57.124Z In(05) vmx DICT pref.keyboardAndMouse.profile1.mapping18.mappingKey = "18"
2026-06-15T00:09:57.124Z In(05) vmx DICT pref.keyboardAndMouse.profile1.mapping18.enabled = "TRUE"
2026-06-15T00:09:57.124Z In(05) vmx DICT pref.keyboardAndMouse.profile1.mapping18.fromHost = "GUI SHIFT X"
2026-06-15T00:09:57.124Z In(05) vmx DICT pref.keyboardAndMouse.profile1.mapping18.toGuest = "GUI X"
2026-06-15T00:09:57.124Z In(05) vmx DICT pref.keyboardAndMouse.profile1.mapping19.mappingKey = "19"
2026-06-15T00:09:57.124Z In(05) vmx DICT pref.keyboardAndMouse.profile1.mapping19.enabled = "TRUE"
2026-06-15T00:09:57.124Z In(05) vmx DICT pref.keyboardAndMouse.profile1.mapping19.fromHost = "GUI SHIFT Z"
2026-06-15T00:09:57.124Z In(05) vmx DICT pref.keyboardAndMouse.profile1.mapping19.toGuest = "GUI Z"
2026-06-15T00:09:57.124Z In(05) vmx DICT pref.keyboardAndMouse.profile1.mapping20.mappingKey = "20"
2026-06-15T00:09:57.124Z In(05) vmx DICT pref.keyboardAndMouse.profile1.mapping20.enabled = "TRUE"
2026-06-15T00:09:57.124Z In(05) vmx DICT pref.keyboardAndMouse.profile1.mapping20.fromHost = "Mouse1 Control"
2026-06-15T00:09:57.124Z In(05) vmx DICT pref.keyboardAndMouse.profile1.mapping20.toGuest = "Mouse2"
2026-06-15T00:09:57.124Z In(05) vmx DICT pref.keyboardAndMouse.profile1.mapping21.mappingKey = "21"
2026-06-15T00:09:57.124Z In(05) vmx DICT pref.keyboardAndMouse.profile1.mapping21.enabled = "TRUE"
2026-06-15T00:09:57.124Z In(05) vmx DICT pref.keyboardAndMouse.profile1.mapping21.fromHost = "Mouse1 GUI"
2026-06-15T00:09:57.124Z In(05) vmx DICT pref.keyboardAndMouse.profile1.mapping21.toGuest = "Mouse3"
2026-06-15T00:09:57.124Z In(05) vmx DICT pref.keyboardAndMouse.profile1.mapping22.mappingKey = "22"
2026-06-15T00:09:57.124Z In(05) vmx DICT pref.keyboardAndMouse.profile1.mapping22.enabled = "TRUE"
2026-06-15T00:09:57.124Z In(05) vmx DICT pref.keyboardAndMouse.profile1.mapping22.fromHost = "GUI CONTROL"
2026-06-15T00:09:57.124Z In(05) vmx DICT pref.keyboardAndMouse.profile1.mapping22.toGuest = "Ungrab"
2026-06-15T00:09:57.124Z In(05) vmx DICT pref.keyboardAndMouse.profile1.mapping23.mappingKey = "23"
2026-06-15T00:09:57.124Z In(05) vmx DICT pref.keyboardAndMouse.profile1.mapping23.enabled = "TRUE"
2026-06-15T00:09:57.124Z In(05) vmx DICT pref.keyboardAndMouse.profile1.mapping23.fromHost = "GUI CONTROL F"
2026-06-15T00:09:57.124Z In(05) vmx DICT pref.keyboardAndMouse.profile1.mapping23.toGuest = "Fullscreen"
2026-06-15T00:09:57.124Z In(05) vmx DICT pref.keyboardAndMouse.profile1.mapping24.mappingKey = "24"
2026-06-15T00:09:57.124Z In(05) vmx DICT pref.keyboardAndMouse.profile1.mapping24.enabled = "TRUE"
2026-06-15T00:09:57.124Z In(05) vmx DICT pref.keyboardAndMouse.profile1.mapping24.fromHost = "GUI CONTROL S"
2026-06-15T00:09:57.124Z In(05) vmx DICT pref.keyboardAndMouse.profile1.mapping24.toGuest = "SingleWindow"
2026-06-15T00:09:57.124Z In(05) vmx DICT pref.keyboardAndMouse.profile1.mapping25.mappingKey = "25"
2026-06-15T00:09:57.124Z In(05) vmx DICT pref.keyboardAndMouse.profile1.mapping25.enabled = "TRUE"
2026-06-15T00:09:57.124Z In(05) vmx DICT pref.keyboardAndMouse.profile1.mapping25.fromHost = "GUI 0x029"
2026-06-15T00:09:57.124Z In(05) vmx DICT pref.keyboardAndMouse.profile1.mapping25.toGuest = "CycleWindow"
2026-06-15T00:09:57.124Z In(05) vmx DICT pref.keyboardAndMouse.profile1.mapping26.mappingKey = "26"
2026-06-15T00:09:57.124Z In(05) vmx DICT pref.keyboardAndMouse.profile1.mapping26.enabled = "TRUE"
2026-06-15T00:09:57.124Z In(05) vmx DICT pref.keyboardAndMouse.profile1.mapping26.fromHost = "GUI SHIFT 0x029"
2026-06-15T00:09:57.124Z In(05) vmx DICT pref.keyboardAndMouse.profile1.mapping26.toGuest = "CycleWindowReverse"
2026-06-15T00:09:57.124Z In(05) vmx DICT pref.keyboardAndMouse.profile1.mapping27.mappingKey = "27"
2026-06-15T00:09:57.124Z In(05) vmx DICT pref.keyboardAndMouse.profile1.mapping27.enabled = "TRUE"
2026-06-15T00:09:57.124Z In(05) vmx DICT pref.keyboardAndMouse.profile1.mapping27.fromHost = "GUI H"
2026-06-15T00:09:57.124Z In(05) vmx DICT pref.keyboardAndMouse.profile1.mapping27.toGuest = "HideApplication"
2026-06-15T00:09:57.124Z In(05) vmx DICT pref.keyboardAndMouse.profile1.mapping28.mappingKey = "28"
2026-06-15T00:09:57.124Z In(05) vmx DICT pref.keyboardAndMouse.profile1.mapping28.enabled = "TRUE"
2026-06-15T00:09:57.124Z In(05) vmx DICT pref.keyboardAndMouse.profile1.mapping28.fromHost = "GUI M"
2026-06-15T00:09:57.124Z In(05) vmx DICT pref.keyboardAndMouse.profile1.mapping28.toGuest = "MinimizeWindow"
2026-06-15T00:09:57.124Z In(05) vmx DICT pref.keyboardAndMouse.profile1.mapping29.mappingKey = "29"
2026-06-15T00:09:57.124Z In(05) vmx DICT pref.keyboardAndMouse.profile1.mapping29.enabled = "TRUE"
2026-06-15T00:09:57.124Z In(05) vmx DICT pref.keyboardAndMouse.profile1.mapping29.fromHost = "GUI Q"
2026-06-15T00:09:57.124Z In(05) vmx DICT pref.keyboardAndMouse.profile1.mapping29.toGuest = "Quit"
2026-06-15T00:09:57.124Z In(05) vmx DICT pref.keyboardAndMouse.profile1.mapping30.mappingKey = "30"
2026-06-15T00:09:57.124Z In(05) vmx DICT pref.keyboardAndMouse.profile1.mapping30.enabled = "TRUE"
2026-06-15T00:09:57.124Z In(05) vmx DICT pref.keyboardAndMouse.profile1.mapping30.fromHost = "GUI ALT SHIFT M"
2026-06-15T00:09:57.124Z In(05) vmx DICT pref.keyboardAndMouse.profile1.mapping30.toGuest = "ToggleHideMenu"
2026-06-15T00:09:57.124Z In(05) vmx DICT pref.keyboardAndMouse.profile1.mapping31.mappingKey = "31"
2026-06-15T00:09:57.124Z In(05) vmx DICT pref.keyboardAndMouse.profile1.mapping31.enabled = "FALSE"
2026-06-15T00:09:57.124Z In(05) vmx DICT pref.keyboardAndMouse.profile1.mapping31.fromHost = "GUI E"
2026-06-15T00:09:57.124Z In(05) vmx DICT pref.keyboardAndMouse.profile1.mapping31.toGuest = "Settings"
2026-06-15T00:09:57.124Z In(05) vmx DICT pref.keyboardAndMouse.profile2.profileKey = "52adf569-8674-2391-b31b-48910c0973df"
2026-06-15T00:09:57.124Z In(05) vmx DICT pref.keyboardAndMouse.profile2.profileName = "Mac Profile"
2026-06-15T00:09:57.124Z In(05) vmx DICT pref.keyboardAndMouse.profile2.profileType = "mac"
2026-06-15T00:09:57.124Z In(05) vmx DICT pref.keyboardAndMouse.profile2.enableOSShortcuts = "FALSE"
2026-06-15T00:09:57.124Z In(05) vmx DICT pref.keyboardAndMouse.profile2.enableKeyMappings = "TRUE"
2026-06-15T00:09:57.124Z In(05) vmx DICT pref.keyboardAndMouse.profile2.languageSpecificKeyMappingsEnabled = "FALSE"
2026-06-15T00:09:57.124Z In(05) vmx DICT pref.keyboardAndMouse.profile2.selectedLanguage = ""
2026-06-15T00:09:57.124Z In(05) vmx DICT pref.keyboardAndMouse.profile2.cmdKeyFilterType = "none"
2026-06-15T00:09:57.124Z In(05) vmx DICT pref.keyboardAndMouse.profile2.maxMappings = "12"
2026-06-15T00:09:57.124Z In(05) vmx DICT pref.keyboardAndMouse.profile2.mapping0.mappingKey = "0"
2026-06-15T00:09:57.124Z In(05) vmx DICT pref.keyboardAndMouse.profile2.mapping0.enabled = "FALSE"
2026-06-15T00:09:57.124Z In(05) vmx DICT pref.keyboardAndMouse.profile2.mapping0.fromHost = "Mouse1 Control"
2026-06-15T00:09:57.124Z In(05) vmx DICT pref.keyboardAndMouse.profile2.mapping0.toGuest = "Mouse2"
2026-06-15T00:09:57.124Z In(05) vmx DICT pref.keyboardAndMouse.profile2.mapping1.mappingKey = "1"
2026-06-15T00:09:57.124Z In(05) vmx DICT pref.keyboardAndMouse.profile2.mapping1.enabled = "FALSE"
2026-06-15T00:09:57.124Z In(05) vmx DICT pref.keyboardAndMouse.profile2.mapping1.fromHost = "Mouse1 GUI"
2026-06-15T00:09:57.124Z In(05) vmx DICT pref.keyboardAndMouse.profile2.mapping1.toGuest = "Mouse3"
2026-06-15T00:09:57.124Z In(05) vmx DICT pref.keyboardAndMouse.profile2.mapping2.mappingKey = "2"
2026-06-15T00:09:57.124Z In(05) vmx DICT pref.keyboardAndMouse.profile2.mapping2.enabled = "TRUE"
2026-06-15T00:09:57.124Z In(05) vmx DICT pref.keyboardAndMouse.profile2.mapping2.fromHost = "GUI CONTROL"
2026-06-15T00:09:57.124Z In(05) vmx DICT pref.keyboardAndMouse.profile2.mapping2.toGuest = "Ungrab"
2026-06-15T00:09:57.124Z In(05) vmx DICT pref.keyboardAndMouse.profile2.mapping3.mappingKey = "3"
2026-06-15T00:09:57.124Z In(05) vmx DICT pref.keyboardAndMouse.profile2.mapping3.enabled = "TRUE"
2026-06-15T00:09:57.124Z In(05) vmx DICT pref.keyboardAndMouse.profile2.mapping3.fromHost = "GUI CONTROL F"
2026-06-15T00:09:57.124Z In(05) vmx DICT pref.keyboardAndMouse.profile2.mapping3.toGuest = "Fullscreen"
2026-06-15T00:09:57.124Z In(05) vmx DICT pref.keyboardAndMouse.profile2.mapping4.mappingKey = "4"
2026-06-15T00:09:57.124Z In(05) vmx DICT pref.keyboardAndMouse.profile2.mapping4.enabled = "TRUE"
2026-06-15T00:09:57.124Z In(05) vmx DICT pref.keyboardAndMouse.profile2.mapping4.fromHost = "GUI CONTROL S"
2026-06-15T00:09:57.124Z In(05) vmx DICT pref.keyboardAndMouse.profile2.mapping4.toGuest = "SingleWindow"
2026-06-15T00:09:57.124Z In(05) vmx DICT pref.keyboardAndMouse.profile2.mapping5.mappingKey = "5"
2026-06-15T00:09:57.124Z In(05) vmx DICT pref.keyboardAndMouse.profile2.mapping5.enabled = "FALSE"
2026-06-15T00:09:57.124Z In(05) vmx DICT pref.keyboardAndMouse.profile2.mapping5.fromHost = "GUI 0x029"
2026-06-15T00:09:57.124Z In(05) vmx DICT pref.keyboardAndMouse.profile2.mapping5.toGuest = "CycleWindow"
2026-06-15T00:09:57.124Z In(05) vmx DICT pref.keyboardAndMouse.profile2.mapping6.mappingKey = "6"
2026-06-15T00:09:57.124Z In(05) vmx DICT pref.keyboardAndMouse.profile2.mapping6.enabled = "FALSE"
2026-06-15T00:09:57.124Z In(05) vmx DICT pref.keyboardAndMouse.profile2.mapping6.fromHost = "GUI SHIFT 0x029"
2026-06-15T00:09:57.124Z In(05) vmx DICT pref.keyboardAndMouse.profile2.mapping6.toGuest = "CycleWindowReverse"
2026-06-15T00:09:57.124Z In(05) vmx DICT pref.keyboardAndMouse.profile2.mapping7.mappingKey = "7"
2026-06-15T00:09:57.124Z In(05) vmx DICT pref.keyboardAndMouse.profile2.mapping7.enabled = "FALSE"
2026-06-15T00:09:57.124Z In(05) vmx DICT pref.keyboardAndMouse.profile2.mapping7.fromHost = "GUI H"
2026-06-15T00:09:57.124Z In(05) vmx DICT pref.keyboardAndMouse.profile2.mapping7.toGuest = "HideApplication"
2026-06-15T00:09:57.124Z In(05) vmx DICT pref.keyboardAndMouse.profile2.mapping8.mappingKey = "8"
2026-06-15T00:09:57.124Z In(05) vmx DICT pref.keyboardAndMouse.profile2.mapping8.enabled = "FALSE"
2026-06-15T00:09:57.124Z In(05) vmx DICT pref.keyboardAndMouse.profile2.mapping8.fromHost = "GUI M"
2026-06-15T00:09:57.124Z In(05) vmx DICT pref.keyboardAndMouse.profile2.mapping8.toGuest = "MinimizeWindow"
2026-06-15T00:09:57.124Z In(05) vmx DICT pref.keyboardAndMouse.profile2.mapping9.mappingKey = "9"
2026-06-15T00:09:57.124Z In(05) vmx DICT pref.keyboardAndMouse.profile2.mapping9.enabled = "FALSE"
2026-06-15T00:09:57.124Z In(05) vmx DICT pref.keyboardAndMouse.profile2.mapping9.fromHost = "GUI Q"
2026-06-15T00:09:57.124Z In(05) vmx DICT pref.keyboardAndMouse.profile2.mapping9.toGuest = "Quit"
2026-06-15T00:09:57.124Z In(05) vmx DICT pref.keyboardAndMouse.profile2.mapping10.mappingKey = "10"
2026-06-15T00:09:57.124Z In(05) vmx DICT pref.keyboardAndMouse.profile2.mapping10.enabled = "TRUE"
2026-06-15T00:09:57.124Z In(05) vmx DICT pref.keyboardAndMouse.profile2.mapping10.fromHost = "GUI SHIFT M"
2026-06-15T00:09:57.124Z In(05) vmx DICT pref.keyboardAndMouse.profile2.mapping10.toGuest = "ToggleHideMenu"
2026-06-15T00:09:57.124Z In(05) vmx DICT pref.keyboardAndMouse.profile2.mapping11.mappingKey = "11"
2026-06-15T00:09:57.124Z In(05) vmx DICT pref.keyboardAndMouse.profile2.mapping11.enabled = "FALSE"
2026-06-15T00:09:57.124Z In(05) vmx DICT pref.keyboardAndMouse.profile2.mapping11.fromHost = "GUI E"
2026-06-15T00:09:57.124Z In(05) vmx DICT pref.keyboardAndMouse.profile2.mapping11.toGuest = "Settings"
2026-06-15T00:09:57.124Z In(05) vmx DICT pref.keyboardAndMouse.profile3.profileKey = "52d5c711-e580-32f7-8175-2747d9d371e6"
2026-06-15T00:09:57.124Z In(05) vmx DICT pref.keyboardAndMouse.profile3.profileName = "Windows 10 Profile"
2026-06-15T00:09:57.124Z In(05) vmx DICT pref.keyboardAndMouse.profile3.profileType = "windows9"
2026-06-15T00:09:57.124Z In(05) vmx DICT pref.keyboardAndMouse.profile3.enableOSShortcuts = "TRUE"
2026-06-15T00:09:57.124Z In(05) vmx DICT pref.keyboardAndMouse.profile3.enableKeyMappings = "TRUE"
2026-06-15T00:09:57.124Z In(05) vmx DICT pref.keyboardAndMouse.profile3.languageSpecificKeyMappingsEnabled = "TRUE"
2026-06-15T00:09:57.124Z In(05) vmx DICT pref.keyboardAndMouse.profile3.selectedLanguage = ""
2026-06-15T00:09:57.124Z In(05) vmx DICT pref.keyboardAndMouse.profile3.cmdKeyFilterType = "none"
2026-06-15T00:09:57.124Z In(05) vmx DICT pref.keyboardAndMouse.profile3.maxMappings = "29"
2026-06-15T00:09:57.124Z In(05) vmx DICT pref.keyboardAndMouse.profile3.mapping0.mappingKey = "0"
2026-06-15T00:09:57.124Z In(05) vmx DICT pref.keyboardAndMouse.profile3.mapping0.enabled = "TRUE"
2026-06-15T00:09:57.124Z In(05) vmx DICT pref.keyboardAndMouse.profile3.mapping0.fromHost = "GUI Z"
2026-06-15T00:09:57.124Z In(05) vmx DICT pref.keyboardAndMouse.profile3.mapping0.toGuest = "CONTROL Z"
2026-06-15T00:09:57.124Z In(05) vmx DICT pref.keyboardAndMouse.profile3.mapping1.mappingKey = "1"
2026-06-15T00:09:57.124Z In(05) vmx DICT pref.keyboardAndMouse.profile3.mapping1.enabled = "TRUE"
2026-06-15T00:09:57.124Z In(05) vmx DICT pref.keyboardAndMouse.profile3.mapping1.fromHost = "GUI X"
2026-06-15T00:09:57.124Z In(05) vmx DICT pref.keyboardAndMouse.profile3.mapping1.toGuest = "CONTROL X"
2026-06-15T00:09:57.124Z In(05) vmx DICT pref.keyboardAndMouse.profile3.mapping2.mappingKey = "2"
2026-06-15T00:09:57.124Z In(05) vmx DICT pref.keyboardAndMouse.profile3.mapping2.enabled = "TRUE"
2026-06-15T00:09:57.124Z In(05) vmx DICT pref.keyboardAndMouse.profile3.mapping2.fromHost = "GUI C"
2026-06-15T00:09:57.124Z In(05) vmx DICT pref.keyboardAndMouse.profile3.mapping2.toGuest = "CONTROL C"
2026-06-15T00:09:57.124Z In(05) vmx DICT pref.keyboardAndMouse.profile3.mapping3.mappingKey = "3"
2026-06-15T00:09:57.124Z In(05) vmx DICT pref.keyboardAndMouse.profile3.mapping3.enabled = "TRUE"
2026-06-15T00:09:57.124Z In(05) vmx DICT pref.keyboardAndMouse.profile3.mapping3.fromHost = "GUI V"
2026-06-15T00:09:57.124Z In(05) vmx DICT pref.keyboardAndMouse.profile3.mapping3.toGuest = "CONTROL V"
2026-06-15T00:09:57.124Z In(05) vmx DICT pref.keyboardAndMouse.profile3.mapping4.mappingKey = "4"
2026-06-15T00:09:57.124Z In(05) vmx DICT pref.keyboardAndMouse.profile3.mapping4.enabled = "TRUE"
2026-06-15T00:09:57.124Z In(05) vmx DICT pref.keyboardAndMouse.profile3.mapping4.fromHost = "GUI P"
2026-06-15T00:09:57.124Z In(05) vmx DICT pref.keyboardAndMouse.profile3.mapping4.toGuest = "CONTROL P"
2026-06-15T00:09:57.124Z In(05) vmx DICT pref.keyboardAndMouse.profile3.mapping5.mappingKey = "5"
2026-06-15T00:09:57.124Z In(05) vmx DICT pref.keyboardAndMouse.profile3.mapping5.enabled = "TRUE"
2026-06-15T00:09:57.124Z In(05) vmx DICT pref.keyboardAndMouse.profile3.mapping5.fromHost = "GUI A"
2026-06-15T00:09:57.124Z In(05) vmx DICT pref.keyboardAndMouse.profile3.mapping5.toGuest = "CONTROL A"
2026-06-15T00:09:57.124Z In(05) vmx DICT pref.keyboardAndMouse.profile3.mapping6.mappingKey = "6"
2026-06-15T00:09:57.124Z In(05) vmx DICT pref.keyboardAndMouse.profile3.mapping6.enabled = "TRUE"
2026-06-15T00:09:57.124Z In(05) vmx DICT pref.keyboardAndMouse.profile3.mapping6.fromHost = "GUI S"
2026-06-15T00:09:57.124Z In(05) vmx DICT pref.keyboardAndMouse.profile3.mapping6.toGuest = "CONTROL S"
2026-06-15T00:09:57.124Z In(05) vmx DICT pref.keyboardAndMouse.profile3.mapping7.mappingKey = "7"
2026-06-15T00:09:57.124Z In(05) vmx DICT pref.keyboardAndMouse.profile3.mapping7.enabled = "TRUE"
2026-06-15T00:09:57.124Z In(05) vmx DICT pref.keyboardAndMouse.profile3.mapping7.fromHost = "GUI F"
2026-06-15T00:09:57.124Z In(05) vmx DICT pref.keyboardAndMouse.profile3.mapping7.toGuest = "0x03d"
2026-06-15T00:09:57.124Z In(05) vmx DICT pref.keyboardAndMouse.profile3.mapping8.mappingKey = "8"
2026-06-15T00:09:57.124Z In(05) vmx DICT pref.keyboardAndMouse.profile3.mapping8.enabled = "TRUE"
2026-06-15T00:09:57.124Z In(05) vmx DICT pref.keyboardAndMouse.profile3.mapping8.fromHost = "GUI W"
2026-06-15T00:09:57.124Z In(05) vmx DICT pref.keyboardAndMouse.profile3.mapping8.toGuest = "ALT 0x03e"
2026-06-15T00:09:57.124Z In(05) vmx DICT pref.keyboardAndMouse.profile3.mapping9.mappingKey = "9"
2026-06-15T00:09:57.124Z In(05) vmx DICT pref.keyboardAndMouse.profile3.mapping9.enabled = "TRUE"
2026-06-15T00:09:57.124Z In(05) vmx DICT pref.keyboardAndMouse.profile3.mapping9.fromHost = "CONTROL ALT 0xe"
2026-06-15T00:09:57.124Z In(05) vmx DICT pref.keyboardAndMouse.profile3.mapping9.toGuest = "CONTROL ALT 0x153"
2026-06-15T00:09:57.124Z In(05) vmx DICT pref.keyboardAndMouse.profile3.mapping10.mappingKey = "10"
2026-06-15T00:09:57.124Z In(05) vmx DICT pref.keyboardAndMouse.profile3.mapping10.enabled = "FALSE"
2026-06-15T00:09:57.124Z In(05) vmx DICT pref.keyboardAndMouse.profile3.mapping10.fromHost = "0x11c"
2026-06-15T00:09:57.124Z In(05) vmx DICT pref.keyboardAndMouse.profile3.mapping10.toGuest = "0x138"
2026-06-15T00:09:57.124Z In(05) vmx DICT pref.keyboardAndMouse.profile3.mapping11.mappingKey = "11"
2026-06-15T00:09:57.124Z In(05) vmx DICT pref.keyboardAndMouse.profile3.mapping11.enabled = "TRUE"
2026-06-15T00:09:57.124Z In(05) vmx DICT pref.keyboardAndMouse.profile3.mapping11.fromHost = "GUI SHIFT H"
2026-06-15T00:09:57.124Z In(05) vmx DICT pref.keyboardAndMouse.profile3.mapping11.toGuest = "GUI H"
2026-06-15T00:09:57.124Z In(05) vmx DICT pref.keyboardAndMouse.profile3.mapping12.mappingKey = "12"
2026-06-15T00:09:57.124Z In(05) vmx DICT pref.keyboardAndMouse.profile3.mapping12.enabled = "TRUE"
2026-06-15T00:09:57.124Z In(05) vmx DICT pref.keyboardAndMouse.profile3.mapping12.fromHost = "GUI SHIFT M"
2026-06-15T00:09:57.124Z In(05) vmx DICT pref.keyboardAndMouse.profile3.mapping12.toGuest = "GUI M"
2026-06-15T00:09:57.124Z In(05) vmx DICT pref.keyboardAndMouse.profile3.mapping13.mappingKey = "13"
2026-06-15T00:09:57.124Z In(05) vmx DICT pref.keyboardAndMouse.profile3.mapping13.enabled = "TRUE"
2026-06-15T00:09:57.124Z In(05) vmx DICT pref.keyboardAndMouse.profile3.mapping13.fromHost = "GUI SHIFT P"
2026-06-15T00:09:57.124Z In(05) vmx DICT pref.keyboardAndMouse.profile3.mapping13.toGuest = "GUI P"
2026-06-15T00:09:57.124Z In(05) vmx DICT pref.keyboardAndMouse.profile3.mapping14.mappingKey = "14"
2026-06-15T00:09:57.124Z In(05) vmx DICT pref.keyboardAndMouse.profile3.mapping14.enabled = "TRUE"
2026-06-15T00:09:57.124Z In(05) vmx DICT pref.keyboardAndMouse.profile3.mapping14.fromHost = "GUI SHIFT V"
2026-06-15T00:09:57.124Z In(05) vmx DICT pref.keyboardAndMouse.profile3.mapping14.toGuest = "GUI V"
2026-06-15T00:09:57.124Z In(05) vmx DICT pref.keyboardAndMouse.profile3.mapping15.mappingKey = "15"
2026-06-15T00:09:57.124Z In(05) vmx DICT pref.keyboardAndMouse.profile3.mapping15.enabled = "TRUE"
2026-06-15T00:09:57.124Z In(05) vmx DICT pref.keyboardAndMouse.profile3.mapping15.fromHost = "GUI SHIFT X"
2026-06-15T00:09:57.124Z In(05) vmx DICT pref.keyboardAndMouse.profile3.mapping15.toGuest = "GUI X"
2026-06-15T00:09:57.124Z In(05) vmx DICT pref.keyboardAndMouse.profile3.mapping16.mappingKey = "16"
2026-06-15T00:09:57.124Z In(05) vmx DICT pref.keyboardAndMouse.profile3.mapping16.enabled = "TRUE"
2026-06-15T00:09:57.124Z In(05) vmx DICT pref.keyboardAndMouse.profile3.mapping16.fromHost = "GUI SHIFT Z"
2026-06-15T00:09:57.124Z In(05) vmx DICT pref.keyboardAndMouse.profile3.mapping16.toGuest = "GUI Z"
2026-06-15T00:09:57.124Z In(05) vmx DICT pref.keyboardAndMouse.profile3.mapping17.mappingKey = "17"
2026-06-15T00:09:57.124Z In(05) vmx DICT pref.keyboardAndMouse.profile3.mapping17.enabled = "TRUE"
2026-06-15T00:09:57.124Z In(05) vmx DICT pref.keyboardAndMouse.profile3.mapping17.fromHost = "Mouse1 Control"
2026-06-15T00:09:57.124Z In(05) vmx DICT pref.keyboardAndMouse.profile3.mapping17.toGuest = "Mouse2"
2026-06-15T00:09:57.124Z In(05) vmx DICT pref.keyboardAndMouse.profile3.mapping18.mappingKey = "18"
2026-06-15T00:09:57.124Z In(05) vmx DICT pref.keyboardAndMouse.profile3.mapping18.enabled = "TRUE"
2026-06-15T00:09:57.124Z In(05) vmx DICT pref.keyboardAndMouse.profile3.mapping18.fromHost = "Mouse1 GUI"
2026-06-15T00:09:57.124Z In(05) vmx DICT pref.keyboardAndMouse.profile3.mapping18.toGuest = "Mouse3"
2026-06-15T00:09:57.124Z In(05) vmx DICT pref.keyboardAndMouse.profile3.mapping19.mappingKey = "19"
2026-06-15T00:09:57.124Z In(05) vmx DICT pref.keyboardAndMouse.profile3.mapping19.enabled = "TRUE"
2026-06-15T00:09:57.124Z In(05) vmx DICT pref.keyboardAndMouse.profile3.mapping19.fromHost = "GUI CONTROL"
2026-06-15T00:09:57.124Z In(05) vmx DICT pref.keyboardAndMouse.profile3.mapping19.toGuest = "Ungrab"
2026-06-15T00:09:57.124Z In(05) vmx DICT pref.keyboardAndMouse.profile3.mapping20.mappingKey = "20"
2026-06-15T00:09:57.124Z In(05) vmx DICT pref.keyboardAndMouse.profile3.mapping20.enabled = "TRUE"
2026-06-15T00:09:57.124Z In(05) vmx DICT pref.keyboardAndMouse.profile3.mapping20.fromHost = "GUI CONTROL F"
2026-06-15T00:09:57.124Z In(05) vmx DICT pref.keyboardAndMouse.profile3.mapping20.toGuest = "Fullscreen"
2026-06-15T00:09:57.124Z In(05) vmx DICT pref.keyboardAndMouse.profile3.mapping21.mappingKey = "21"
2026-06-15T00:09:57.124Z In(05) vmx DICT pref.keyboardAndMouse.profile3.mapping21.enabled = "TRUE"
2026-06-15T00:09:57.124Z In(05) vmx DICT pref.keyboardAndMouse.profile3.mapping21.fromHost = "GUI CONTROL S"
2026-06-15T00:09:57.124Z In(05) vmx DICT pref.keyboardAndMouse.profile3.mapping21.toGuest = "SingleWindow"
2026-06-15T00:09:57.124Z In(05) vmx DICT pref.keyboardAndMouse.profile3.mapping22.mappingKey = "22"
2026-06-15T00:09:57.124Z In(05) vmx DICT pref.keyboardAndMouse.profile3.mapping22.enabled = "TRUE"
2026-06-15T00:09:57.124Z In(05) vmx DICT pref.keyboardAndMouse.profile3.mapping22.fromHost = "GUI 0x029"
2026-06-15T00:09:57.124Z In(05) vmx DICT pref.keyboardAndMouse.profile3.mapping22.toGuest = "CycleWindow"
2026-06-15T00:09:57.124Z In(05) vmx DICT pref.keyboardAndMouse.profile3.mapping23.mappingKey = "23"
2026-06-15T00:09:57.124Z In(05) vmx DICT pref.keyboardAndMouse.profile3.mapping23.enabled = "TRUE"
2026-06-15T00:09:57.124Z In(05) vmx DICT pref.keyboardAndMouse.profile3.mapping23.fromHost = "GUI SHIFT 0x029"
2026-06-15T00:09:57.124Z In(05) vmx DICT pref.keyboardAndMouse.profile3.mapping23.toGuest = "CycleWindowReverse"
2026-06-15T00:09:57.124Z In(05) vmx DICT pref.keyboardAndMouse.profile3.mapping24.mappingKey = "24"
2026-06-15T00:09:57.124Z In(05) vmx DICT pref.keyboardAndMouse.profile3.mapping24.enabled = "TRUE"
2026-06-15T00:09:57.124Z In(05) vmx DICT pref.keyboardAndMouse.profile3.mapping24.fromHost = "GUI H"
2026-06-15T00:09:57.124Z In(05) vmx DICT pref.keyboardAndMouse.profile3.mapping24.toGuest = "HideApplication"
2026-06-15T00:09:57.124Z In(05) vmx DICT pref.keyboardAndMouse.profile3.mapping25.mappingKey = "25"
2026-06-15T00:09:57.124Z In(05) vmx DICT pref.keyboardAndMouse.profile3.mapping25.enabled = "TRUE"
2026-06-15T00:09:57.124Z In(05) vmx DICT pref.keyboardAndMouse.profile3.mapping25.fromHost = "GUI M"
2026-06-15T00:09:57.124Z In(05) vmx DICT pref.keyboardAndMouse.profile3.mapping25.toGuest = "MinimizeWindow"
2026-06-15T00:09:57.124Z In(05) vmx DICT pref.keyboardAndMouse.profile3.mapping26.mappingKey = "26"
2026-06-15T00:09:57.124Z In(05) vmx DICT pref.keyboardAndMouse.profile3.mapping26.enabled = "TRUE"
2026-06-15T00:09:57.124Z In(05) vmx DICT pref.keyboardAndMouse.profile3.mapping26.fromHost = "GUI Q"
2026-06-15T00:09:57.124Z In(05) vmx DICT pref.keyboardAndMouse.profile3.mapping26.toGuest = "Quit"
2026-06-15T00:09:57.124Z In(05) vmx DICT pref.keyboardAndMouse.profile3.mapping27.mappingKey = "27"
2026-06-15T00:09:57.124Z In(05) vmx DICT pref.keyboardAndMouse.profile3.mapping27.enabled = "TRUE"
2026-06-15T00:09:57.124Z In(05) vmx DICT pref.keyboardAndMouse.profile3.mapping27.fromHost = "GUI ALT SHIFT M"
2026-06-15T00:09:57.124Z In(05) vmx DICT pref.keyboardAndMouse.profile3.mapping27.toGuest = "ToggleHideMenu"
2026-06-15T00:09:57.124Z In(05) vmx DICT pref.keyboardAndMouse.profile3.mapping28.mappingKey = "28"
2026-06-15T00:09:57.124Z In(05) vmx DICT pref.keyboardAndMouse.profile3.mapping28.enabled = "FALSE"
2026-06-15T00:09:57.124Z In(05) vmx DICT pref.keyboardAndMouse.profile3.mapping28.fromHost = "GUI E"
2026-06-15T00:09:57.124Z In(05) vmx DICT pref.keyboardAndMouse.profile3.mapping28.toGuest = "Settings"
2026-06-15T00:09:57.124Z In(05) vmx DICT         vmWizard.guestKey = "arm-debian12-64"
2026-06-15T00:09:57.124Z In(05) vmx DICT     prefvmx.defaultVMPath = "/Users/jijojohn/Desktop"
2026-06-15T00:09:57.124Z In(05) vmx DICT --- USER DEFAULTS /Users/jijojohn/Library/Preferences/VMware Fusion/config
2026-06-15T00:09:57.124Z In(05) vmx DICT --- HOST DEFAULTS /Library/Preferences/VMware Fusion/config
2026-06-15T00:09:57.124Z In(05) vmx DICT --- SITE DEFAULTS /Applications/VMware Fusion.app/Contents/Library/config
2026-06-15T00:09:57.124Z In(05) vmx DICT --- NONPERSISTENT
2026-06-15T00:09:57.124Z In(05) vmx DICT            vmx.stdio.keep = "TRUE"
2026-06-15T00:09:57.124Z In(05) vmx DICT             gui.available = "TRUE"
2026-06-15T00:09:57.124Z In(05) vmx DICT --- COMMAND LINE
2026-06-15T00:09:57.124Z In(05) vmx DICT            vmx.stdio.keep = "TRUE"
2026-06-15T00:09:57.124Z In(05) vmx DICT             gui.available = "TRUE"
2026-06-15T00:09:57.124Z In(05) vmx DICT --- RECORDING
2026-06-15T00:09:57.124Z In(05) vmx DICT            vmx.stdio.keep = "TRUE"
2026-06-15T00:09:57.124Z In(05) vmx DICT             gui.available = "TRUE"
2026-06-15T00:09:57.124Z In(05) vmx DICT --- CONFIGURATION /Users/jijojohn/Desktop/ainux/vmware_build/TensorAgentOS.vmx 
2026-06-15T00:09:57.124Z In(05) vmx DICT            config.version = "8"
2026-06-15T00:09:57.124Z In(05) vmx DICT         virtualHW.version = "21"
2026-06-15T00:09:57.124Z In(05) vmx DICT               displayName = "TensorAgent OS"
2026-06-15T00:09:57.124Z In(05) vmx DICT                   guestOS = "arm-ubuntu-64"
2026-06-15T00:09:57.124Z In(05) vmx DICT                  numvcpus = "6"
2026-06-15T00:09:57.124Z In(05) vmx DICT                   memsize = "8192"
2026-06-15T00:09:57.124Z In(05) vmx DICT                  firmware = "efi"
2026-06-15T00:09:57.124Z In(05) vmx DICT            bios.bootOrder = "hdd"
2026-06-15T00:09:57.124Z In(05) vmx DICT            tools.syncTime = "TRUE"
2026-06-15T00:09:57.124Z In(05) vmx DICT  ethernet0.connectionType = "nat"
2026-06-15T00:09:57.124Z In(05) vmx DICT      ethernet0.virtualDev = "e1000e"
2026-06-15T00:09:57.124Z In(05) vmx DICT         ethernet0.present = "TRUE"
2026-06-15T00:09:57.124Z In(05) vmx DICT  ethernet0.startConnected = "TRUE"
2026-06-15T00:09:57.124Z In(05) vmx DICT     ethernet0.addressType = "generated"
2026-06-15T00:09:57.124Z In(05) vmx DICT             nvme0.present = "TRUE"
2026-06-15T00:09:57.124Z In(05) vmx DICT          nvme0:0.fileName = "ainux.vmdk"
2026-06-15T00:09:57.124Z In(05) vmx DICT           nvme0:0.present = "TRUE"
2026-06-15T00:09:57.124Z In(05) vmx DICT               usb.present = "TRUE"
2026-06-15T00:09:57.124Z In(05) vmx DICT          usb_xhci.present = "TRUE"
2026-06-15T00:09:57.124Z In(05) vmx DICT             sound.present = "TRUE"
2026-06-15T00:09:57.124Z In(05) vmx DICT          sound.virtualDev = "hdaudio"
2026-06-15T00:09:57.124Z In(05) vmx DICT          sound.autoDetect = "TRUE"
2026-06-15T00:09:57.124Z In(05) vmx DICT            sound.fileName = "-1"
2026-06-15T00:09:57.124Z In(05) vmx DICT      sound.startConnected = "TRUE"
2026-06-15T00:09:57.124Z In(05) vmx DICT     svga.graphicsMemoryKB = "262144"
2026-06-15T00:09:57.124Z In(05) vmx DICT virtualHW.productCompatibility = "hosted"
2026-06-15T00:09:57.124Z In(05) vmx DICT         vmxstats.filename = "TensorAgentOS.scoreboard"
2026-06-15T00:09:57.124Z In(05) vmx DICT --- USER DEFAULTS ~/Library/Preferences/VMware Fusion/config 
2026-06-15T00:09:57.124Z In(05) vmx DICT --- HOST DEFAULTS /Library/Preferences/VMware Fusion/config 
2026-06-15T00:09:57.124Z In(05) vmx DICT --- SITE DEFAULTS /dev/null/Non-existing DEFAULT_LIBDIRECTORY/config 
2026-06-15T00:09:57.124Z In(05) vmx DICT --- GLOBAL SETTINGS /dev/null/Non-existing DEFAULT_LIBDIRECTORY/settings 
2026-06-15T00:09:57.124Z In(05) vmx Powering on guestOS 'arm-ubuntu-64' using the configuration for 'arm-ubuntu-64'.
2026-06-15T00:09:57.124Z In(05) vmx ToolsISO: open of /Applications/VMware Fusion.app/Contents/Library/isoimages/arm64/isoimages_manifest.txt.sig failed: Could not find the file
2026-06-15T00:09:57.124Z In(05) vmx ToolsISO: Unable to read signature file '/Applications/VMware Fusion.app/Contents/Library/isoimages/arm64/isoimages_manifest.txt.sig', ignoring.
2026-06-15T00:09:57.124Z In(05) vmx ToolsISO: Guest 'arm-ubuntu-64' not found in Tools image map file '/Applications/VMware Fusion.app/Contents/Library/isoimages/arm64/isoimages_manifest.txt'
2026-06-15T00:09:57.124Z In(05) vmx ToolsISO: Updated cached value for imageName to '(null)'.
2026-06-15T00:09:57.124Z In(05) vmx GuestOS: GuestOS_GetToolsImageName: Failed to get Tools ISO image path.
2026-06-15T00:09:57.125Z In(05) vmx Vix: [mainDispatch.c:4213]: VMAutomation_ReportPowerOpFinished: statevar=1, newAppState=1873, success=1 additionalError=0
2026-06-15T00:09:57.125Z In(05) vmx DEVSWAP: GuestOS does not require LSI adapter swap.
2026-06-15T00:09:57.125Z In(05) vmx Monitor Mode: ULM
2026-06-15T00:09:57.129Z In(05) vmx nvmeShared size: 3752, numAdapters: 1
2026-06-15T00:09:57.129Z In(05) vmx OvhdMem_PowerOn: initial admission: paged   171349 nonpaged    10836 anonymous     8271
2026-06-15T00:09:57.129Z In(05) vmx VMMEM: Initial Reservation: 2975MB (MainMem=8192MB)
2026-06-15T00:09:57.129Z In(05) vmx numa: Invalid NUMA cookie.
2026-06-15T00:09:57.129Z No(00) vmx ConfigDB: Setting numa.autosize.cookie = "60012"
2026-06-15T00:09:57.129Z No(00) vmx ConfigDB: Setting numa.autosize.vcpu.maxPerVirtualNode = "6"
2026-06-15T00:09:57.130Z In(05) vmx MemSched_PowerOn: balloon minGuestSize 104857 (80% of min required size 131072)
2026-06-15T00:09:57.130Z In(05) vmx LICENSE: Running unlicensed VMX (VMware Fusion)
2026-06-15T00:09:57.130Z In(05) vthread-39152111 VTHREAD 6106165248 "vthread-39152111" tid 39152111
2026-06-15T00:09:57.130Z In(05) vmx PolicyVMXFindPolicyKey: policy file does not exist.
2026-06-15T00:09:57.130Z In(05) vmx PolicyVMXFindPolicyKey: policy file does not exist.
2026-06-15T00:09:57.130Z In(05) vmx Host PA size: 42 bits. Guest PA size: 36 bits.
2026-06-15T00:09:57.131Z In(05) vmx ToolsISO: open of /Applications/VMware Fusion.app/Contents/Library/isoimages/arm64/isoimages_manifest.txt.sig failed: Could not find the file
2026-06-15T00:09:57.131Z In(05) vmx ToolsISO: Unable to read signature file '/Applications/VMware Fusion.app/Contents/Library/isoimages/arm64/isoimages_manifest.txt.sig', ignoring.
2026-06-15T00:09:57.131Z In(05) vmx ToolsISO: Guest 'arm-ubuntu-64' not found in Tools image map file '/Applications/VMware Fusion.app/Contents/Library/isoimages/arm64/isoimages_manifest.txt'
2026-06-15T00:09:57.131Z In(05) vmx ToolsISO: Updated cached value for imageName to '(null)'.
2026-06-15T00:09:57.131Z In(05) vmx GuestOS: GuestOS_GetToolsImageName: Failed to get Tools ISO image path.
2026-06-15T00:09:57.131Z In(05) deviceThread VTHREAD 6106738688 "deviceThread" tid 39152112
2026-06-15T00:09:57.131Z In(05) deviceThread Device thread is alive
2026-06-15T00:09:57.131Z In(05) vmx KHZEstimate 24000
2026-06-15T00:09:57.131Z In(05) vmx MHZEstimate 24
2026-06-15T00:09:57.131Z In(05) vmx NumVCPUs 6
2026-06-15T00:09:57.131Z In(05) vmx UUID: Writing uuid.bios value: '56 4d fc bc 67 ce fe fd-d3 17 d3 c2 8a c8 54 56'
2026-06-15T00:09:57.131Z No(00) vmx ConfigDB: Setting uuid.bios = "56 4d fc bc 67 ce fe fd-d3 17 d3 c2 8a c8 54 56"
2026-06-15T00:09:57.131Z In(05) vmx UUID: Writing uuid.location value: '56 4d fc bc 67 ce fe fd-d3 17 d3 c2 8a c8 54 56'
2026-06-15T00:09:57.131Z No(00) vmx ConfigDB: Setting uuid.location = "56 4d fc bc 67 ce fe fd-d3 17 d3 c2 8a c8 54 56"
2026-06-15T00:09:57.131Z In(05) vmx AIOGNRC: numThreads=1 ide=0, scsi=0, passthru=0
2026-06-15T00:09:57.131Z In(05) vmx WORKER: Creating new group with maxThreads=1 (1)
2026-06-15T00:09:57.131Z In(05) vmx WORKER: Creating new group with maxThreads=1 (2)
2026-06-15T00:09:57.131Z In(05) vmx MainMem: CPT Host WZ=0 PF=8192 D=0
2026-06-15T00:09:57.131Z In(05) vmx MainMem: CPT PLS=1 PLR=0 BS=1 BlkP=8 Mult=4 W=50
2026-06-15T00:09:57.131Z In(05) vmx MainMem: Opened paging file, 'UNNAMED' (swap).
2026-06-15T00:09:57.131Z In(05) vmx MStat: Creating Stat vm.uptime
2026-06-15T00:09:57.132Z In(05) vmx MStat: Creating Stat vm.suspendTime
2026-06-15T00:09:57.132Z In(05) vmx MStat: Creating Stat vm.powerOnTimeStamp
2026-06-15T00:09:57.132Z In(05) vmx VMXAIOMGR: Using: simple=Generic
2026-06-15T00:09:57.132Z In(05) vmx WORKER: Creating new group with maxThreads=1 (3)
2026-06-15T00:09:57.132Z In(05) machPoll VTHREAD 6107312128 "machPoll" tid 39152113
2026-06-15T00:09:57.132Z In(05) vmx Guest interrupt controller is GICv3
2026-06-15T00:09:57.133Z In(05) vmx WORKER: Creating new group with maxThreads=1 (4)
2026-06-15T00:09:57.133Z In(05) vmx WORKER: Creating new group with maxThreads=14 (18)
2026-06-15T00:09:57.133Z In(05) vmx FeatureCompat: No VM masks.
2026-06-15T00:09:57.133Z In(05) vmx TimeTracker host to guest rate conversion 32602349730736 @ 24000000Hz -> 0 @ 24000000Hz
2026-06-15T00:09:57.133Z In(05) vmx TimeTracker host to guest rate conversion ((x * 2147483648) >> 31) + -32602349730736
2026-06-15T00:09:57.133Z In(05) vmx MKS PowerOn
2026-06-15T00:09:57.133Z In(05) mks VTHREAD 6109458432 "mks" tid 39152114
2026-06-15T00:09:57.133Z In(05) mks MKS thread is alive
2026-06-15T00:09:57.134Z In(05) svga VTHREAD 6113701888 "svga" tid 39152115
2026-06-15T00:09:57.134Z In(05) svga SVGA thread is alive
2026-06-15T00:09:57.134Z In(05) mks MKS: SSE2=0, SSSE3=0, SSE4_1=0
2026-06-15T00:09:57.142Z In(05) mks MKS MacOSMouse: Using event tap path.
2026-06-15T00:09:57.142Z In(05) mouse VTHREAD 6114275328 "mouse" tid 39152116
2026-06-15T00:09:57.143Z In(05) keyboard VTHREAD 6114848768 "keyboard" tid 39152117
2026-06-15T00:09:57.168Z In(05) keyboard MKS MacOSKeyboard: Adding device: (0) VID:1D57 PID:FA60  (JLab Work)
2026-06-15T00:09:57.168Z In(05) keyboard MKS MacOSKeyboard: Adding device: (1) VID:1D57 PID:FA60  (JLab Work)
2026-06-15T00:09:57.169Z In(05) keyboard MKS MacOSKeyboard: Adding device: (2) VID:004C PID:029F <missing> (Jijo’s Magic Keyboard)
2026-06-15T00:09:57.169Z In(05) mks MKSRenderMain: PowerOn allowed BasicOps ISB MTL 
2026-06-15T00:09:57.169Z In(05) mks MKSRenderMain: ISB enabled by config
2026-06-15T00:09:57.169Z In(05) mks MKSRenderMain: Collecting RenderOps caps from MTL
2026-06-15T00:09:57.169Z In(05) mks MKSRenderMain: Starting MTL
2026-06-15T00:09:57.174Z In(05) mks Metal Device name: Apple M4
2026-06-15T00:09:57.174Z In(05) mks Metal Device removable: FALSE
2026-06-15T00:09:57.174Z In(05) mks Metal Device headless: FALSE
2026-06-15T00:09:57.174Z In(05) mks Metal Device lowPower: FALSE
2026-06-15T00:09:57.174Z In(05) mks Metal Device maxThreadsPerThreadgroup: 1024x1024x1024
2026-06-15T00:09:57.174Z In(05) mks Metal Device recommendedMaxWorkingSetSize: 12713115648
2026-06-15T00:09:57.174Z In(05) mks Metal Device depth24Stencil8PixelFormatSupported: FALSE
2026-06-15T00:09:57.174Z In(05) mks Metal Device GPU family: 2
2026-06-15T00:09:57.174Z In(05) mks Metal Device Apple GPU family: 9
2026-06-15T00:09:57.174Z In(05) mks Metal RW Texture Tier: 2
2026-06-15T00:09:57.174Z In(05) mks Metal Arg Buffer Support: Tier 2
2026-06-15T00:09:57.174Z In(05) mks Metal GPU chip: Unknown (Unknown)
2026-06-15T00:09:57.204Z In(05) mks Metal Device: Pull Model Interpolation support: Yes
2026-06-15T00:09:57.204Z In(05) mks Metal Shading Language: 3.0
2026-06-15T00:09:57.211Z In(05) mks Started Shim3D
2026-06-15T00:09:57.211Z In(05) mks MKSRenderMain: Started MTL
2026-06-15T00:09:57.211Z In(05) mks MKSRenderMain: ISB required for 3d: clamping down renderer caps
2026-06-15T00:09:57.211Z In(05) mks MKSRenderMain: Found Full Renderer: MTLRenderer
2026-06-15T00:09:57.211Z In(05) mks MKSRenderMain: maxTextureSize=16384
2026-06-15T00:09:57.211Z In(05) mks SOCKET 1 (75) creating new listening socket on port -1
2026-06-15T00:09:57.211Z In(05) mks KHBKL: Unable to parse keystring at: ''
2026-06-15T00:09:57.211Z In(05) mks MKSRemoteMgr: Set default display name: TensorAgent OS
2026-06-15T00:09:57.211Z In(05) mks MKSRemoteMgr: Loading VNC Configuration from VM config file
2026-06-15T00:09:57.211Z In(05) mks MKSRemoteMgr: Using default VNC keymap table "us"
2026-06-15T00:09:57.211Z In(05) vmx VMXNET: send cluster threshold is 80, size = 2 recalcInterval is 20000 ticks, dontClusterSize is 128
2026-06-15T00:09:57.211Z In(05) vmx Chipset version: 0x13
2026-06-15T00:09:57.212Z In(05) vmx Device usb requested without secondary PCI slots available.
2026-06-15T00:09:57.212Z No(00) vmx ConfigDB: Setting usb.pciSlotNumber = "16"
2026-06-15T00:09:57.212Z In(05) vmx Device ethernet0 requested without secondary PCI slots available.
2026-06-15T00:09:57.212Z No(00) vmx ConfigDB: Setting ethernet0.pciSlotNumber = "21"
2026-06-15T00:09:57.212Z In(05) vmx Device sound requested without secondary PCI slots available.
2026-06-15T00:09:57.212Z No(00) vmx ConfigDB: Setting sound.pciSlotNumber = "17"
2026-06-15T00:09:57.212Z In(05) vmx Device usb_xhci requested without secondary PCI slots available.
2026-06-15T00:09:57.212Z No(00) vmx ConfigDB: Setting usb_xhci.pciSlotNumber = "22"
2026-06-15T00:09:57.212Z In(05) vmx Device nvme0 requested without secondary PCI slots available.
2026-06-15T00:09:57.212Z No(00) vmx ConfigDB: Setting nvme0.pciSlotNumber = "23"
2026-06-15T00:09:57.214Z In(05) vmx MigrateBusMemPrealloc: BusMem preallocation begins.
2026-06-15T00:09:57.214Z In(05) vmx MigrateBusMemPrealloc: BusMem preallocation completes.
2026-06-15T00:09:57.215Z No(00) vmx ConfigDB: Setting nvme0:0.redo = ""
2026-06-15T00:09:57.215Z In(05) vmx DISK: OPEN nvme0:0 '/Users/jijojohn/Desktop/ainux/vmware_build/ainux.vmdk' persistent R[]
2026-06-15T00:09:57.217Z In(05) vmx Current OS Release is 25.5.0
2026-06-15T00:09:57.217Z In(05) vmx DiskGetGeometry: Reading of disk partition table
2026-06-15T00:09:57.217Z In(05) vmx DISK: Disk '/Users/jijojohn/Desktop/ainux/vmware_build/ainux.vmdk' has no UUID
2026-06-15T00:09:57.217Z In(05) vmx DISK: OPEN '/Users/jijojohn/Desktop/ainux/vmware_build/ainux.vmdk' Geo (41610/16/63) BIOS Geo (0/0/0)
2026-06-15T00:09:57.218Z In(05) vmx DISK: DiskConfigureVirtualSSD:  Disk 'nvme0:0' identified as Virtual SSD device.
2026-06-15T00:09:57.218Z In(05) vmx DISK: Opening disks took 3 ms.
2026-06-15T00:09:57.218Z In(05) vmx DISK: AdapterType mismatch for 'nvme0:0': disk was created for ide
2026-06-15T00:09:57.218Z In(05) vmx USBArbLib: USBArbLib initialized successfully, retryIntervalStart(5), retryIntervalMax(120), arbSocketName(/var/run/vmware/usbarb-socket), useLocking(yes), tryUpgrading(no).
2026-06-15T00:09:57.218Z In(05) vmx UsbEnum: Initializing UsbEnum library, disableLocking(no), allowBootableHid(yes).
2026-06-15T00:09:57.218Z In(05) vmx SOCKET creating new socket, connecting to /var/run/vmware/usbarb-socket
2026-06-15T00:09:57.218Z In(05) vmx USB: Initializing 'Virtual Hub' backend
2026-06-15T00:09:57.219Z In(05) vmx USB: Initializing 'Generic' backend
2026-06-15T00:09:57.219Z Wa(03) vmx USBArbLib: OUT SET_AUTO_CONNECT: Not connected to arbitrator, autoconnect(0) for client 'TensorAgent OS', connectState(1).
2026-06-15T00:09:57.219Z In(05) vmx USB: Initializing 'Virtual HID' backend
2026-06-15T00:09:57.219Z In(05) vmx USB: Initializing 'Virtual Mass Storage' backend
2026-06-15T00:09:57.219Z In(05) vmx USB: Initializing 'Virtual CCID' backend
2026-06-15T00:09:57.219Z In(05) vmx USB-CCID:  dlopened /System/Library/Frameworks/PCSC.framework/PCSC.
2026-06-15T00:09:57.227Z In(05) usbCCIDEnumCards VTHREAD 6116569088 "usbCCIDEnumCards" tid 39152126
2026-06-15T00:09:57.227Z In(05) vmx USB: Initializing 'Virtual Video' backend
2026-06-15T00:09:57.227Z In(05) usbCCIDEnumCards USB-CCID: Card enum thread created.
2026-06-15T00:09:57.228Z Wa(03) vmx USBGM: Skipping disk exclusion for volume: '/dev/disk3s5', type: 'Apple Fabric'.
2026-06-15T00:09:57.228Z Wa(03) vmx USBGM: Skipping disk exclusion for volume: '/dev/disk3s5', type: 'Apple Fabric'.
2026-06-15T00:09:57.228Z Wa(03) vmx USBGM: Skipping disk exclusion for volume: '/dev/disk3s5', type: 'Apple Fabric'.
2026-06-15T00:09:57.229Z In(05) vmx OBJLIB-FILEBE : FileBEOpen: can't open 'nvram' : Could not find the file (393218).
2026-06-15T00:09:57.229Z In(05) vmx OBJLIB-FILEBE : FileBEOpen: can't open 'nvram' : Could not find the file (393218).
2026-06-15T00:09:57.229Z Wa(03) vmx NVRAMMGR: No valid NVRAM file found, will create default NVRAM.
2026-06-15T00:09:57.230Z In(05) vmx SVGA-GFB: Config settings: autodetect=1, numDisplays=1, maxWidth=2560, maxHeight=1600
2026-06-15T00:09:57.230Z In(05) vmx SVGA-GFB: Desired maximum display topology: wh(6688, 5016)
2026-06-15T00:09:57.230Z In(05) vmx SVGA-GFB: Autodetected target gfbSize = 268435456
2026-06-15T00:09:57.230Z In(05) vmx SVGA-GFB: Using Initial       gfbSize = 134217728
2026-06-15T00:09:57.230Z In(05) vmx SVGA-GFB: MaxPrimaryMem      register = 268435456
2026-06-15T00:09:57.230Z In(05) vmx SVGA-GFB: Max wh(6688, 5016), number of displays: 10
2026-06-15T00:09:57.230Z In(05) vmx SVGA-GFB: Allocated gfbSize=134217728
2026-06-15T00:09:57.230Z No(00) vmx ConfigDB: Setting svga.vramSize = "268435456"
2026-06-15T00:09:57.230Z No(00) vmx ConfigDB: Setting vmotion.checkpointFBSize = "134217728"
2026-06-15T00:09:57.230Z No(00) vmx ConfigDB: Setting vmotion.checkpointSVGAPrimarySize = "268435456"
2026-06-15T00:09:57.230Z In(05) vmx SVGA: SVGA DeviceLabel: svga3
2026-06-15T00:09:57.230Z No(00) vmx ConfigDB: Setting vmotion.svga.mobMaxSize = "268435456"
2026-06-15T00:09:57.230Z No(00) vmx ConfigDB: Setting vmotion.svga.graphicsMemoryKB = "262144"
2026-06-15T00:09:57.230Z In(05) vmx SVGA: mobMaxSize=268435456
2026-06-15T00:09:57.230Z In(05) vmx SVGA: graphicsMemoryKB=262144
2026-06-15T00:09:57.230Z In(05) vmx SVGA: FIFO capabilities 0x00000000
2026-06-15T00:09:57.231Z In(05) vmx SVGAFeature renderer (before clamping) svga.supports3D bool 0
2026-06-15T00:09:57.231Z In(05) vmx SVGAFeature renderer (before clamping) svga.baseCapsLevel num 11
2026-06-15T00:09:57.231Z In(05) vmx SVGAFeature renderer (before clamping) svga.maxPointSize num 511
2026-06-15T00:09:57.231Z In(05) vmx SVGAFeature renderer (before clamping) svga.maxTextureSize num 16384
2026-06-15T00:09:57.231Z In(05) vmx SVGAFeature renderer (before clamping) svga.maxVolumeExtent num 2048
2026-06-15T00:09:57.231Z In(05) vmx SVGAFeature renderer (before clamping) svga.maxTextureAnisotropy num 16
2026-06-15T00:09:57.231Z In(05) vmx SVGAFeature renderer (before clamping) svga.lineStipple bool 0
2026-06-15T00:09:57.231Z In(05) vmx SVGAFeature renderer (before clamping) svga.dxMaxConstantBuffers num 15
2026-06-15T00:09:57.231Z In(05) vmx SVGAFeature renderer (before clamping) svga.dxProvokingVertex bool 0
2026-06-15T00:09:57.231Z In(05) vmx SVGAFeature renderer (before clamping) svga.sm41 bool 1
2026-06-15T00:09:57.231Z In(05) vmx SVGAFeature renderer (before clamping) svga.multisample2x bool 1
2026-06-15T00:09:57.231Z In(05) vmx SVGAFeature renderer (before clamping) svga.multisample4x bool 1
2026-06-15T00:09:57.231Z In(05) vmx SVGAFeature renderer (before clamping) svga.msFullQuality bool 1
2026-06-15T00:09:57.231Z In(05) vmx SVGAFeature renderer (before clamping) svga.logicOps bool 1
2026-06-15T00:09:57.231Z In(05) vmx SVGAFeature renderer (before clamping) svga.bc67 num 9
2026-06-15T00:09:57.231Z In(05) vmx SVGAFeature renderer (before clamping) svga.sm5 bool 1
2026-06-15T00:09:57.231Z In(05) vmx SVGAFeature renderer (before clamping) svga.multisample8x bool 1
2026-06-15T00:09:57.231Z In(05) vmx SVGAFeature renderer (before clamping) svga.logicBlendOps bool 1
2026-06-15T00:09:57.231Z In(05) vmx SVGAFeature renderer (before clamping) svga.maxForcedSampleCount num 8
2026-06-15T00:09:57.231Z In(05) vmx SVGAFeature renderer (before clamping) svga.gl43 bool 1
2026-06-15T00:09:57.231Z In(05) vmx SVGAFeature renderer (after  clamping) svga.supports3D bool 0
2026-06-15T00:09:57.231Z In(05) vmx SVGAFeature renderer (after  clamping) svga.baseCapsLevel num 0
2026-06-15T00:09:57.231Z In(05) vmx SVGAFeature renderer (after  clamping) svga.maxPointSize num 0
2026-06-15T00:09:57.231Z In(05) vmx SVGAFeature renderer (after  clamping) svga.maxTextureSize num 0
2026-06-15T00:09:57.231Z In(05) vmx SVGAFeature renderer (after  clamping) svga.maxVolumeExtent num 0
2026-06-15T00:09:57.231Z In(05) vmx SVGAFeature renderer (after  clamping) svga.maxTextureAnisotropy num 0
2026-06-15T00:09:57.231Z In(05) vmx SVGAFeature renderer (after  clamping) svga.lineStipple bool 0
2026-06-15T00:09:57.231Z In(05) vmx SVGAFeature renderer (after  clamping) svga.dxMaxConstantBuffers num 0
2026-06-15T00:09:57.231Z In(05) vmx SVGAFeature renderer (after  clamping) svga.dxProvokingVertex bool 0
2026-06-15T00:09:57.231Z In(05) vmx SVGAFeature renderer (after  clamping) svga.sm41 bool 0
2026-06-15T00:09:57.231Z In(05) vmx SVGAFeature renderer (after  clamping) svga.multisample2x bool 0
2026-06-15T00:09:57.231Z In(05) vmx SVGAFeature renderer (after  clamping) svga.multisample4x bool 0
2026-06-15T00:09:57.231Z In(05) vmx SVGAFeature renderer (after  clamping) svga.msFullQuality bool 0
2026-06-15T00:09:57.231Z In(05) vmx SVGAFeature renderer (after  clamping) svga.logicOps bool 0
2026-06-15T00:09:57.231Z In(05) vmx SVGAFeature renderer (after  clamping) svga.bc67 num 0
2026-06-15T00:09:57.231Z In(05) vmx SVGAFeature renderer (after  clamping) svga.sm5 bool 0
2026-06-15T00:09:57.231Z In(05) vmx SVGAFeature renderer (after  clamping) svga.multisample8x bool 0
2026-06-15T00:09:57.231Z In(05) vmx SVGAFeature renderer (after  clamping) svga.logicBlendOps bool 0
2026-06-15T00:09:57.231Z In(05) vmx SVGAFeature renderer (after  clamping) svga.maxForcedSampleCount num 0
2026-06-15T00:09:57.231Z In(05) vmx SVGAFeature renderer (after  clamping) svga.gl43 bool 0
2026-06-15T00:09:57.231Z In(05) vmx SVGA3dClamp: Renderer Provides     BC67Level:     0 (    0,     0)
2026-06-15T00:09:57.231Z In(05) vmx SVGA3dClamp: Renderer Provides BaseCapsLevel:     0 (    0,     0)
2026-06-15T00:09:57.231Z In(05) vmx SVGA3dClamp: Renderer Provides    ClampLevel:     0 (    0,     0)
2026-06-15T00:09:57.231Z In(05) vmx SVGA3dCaps: host, at power on (3d disabled)
2026-06-15T00:09:57.231Z In(05) vmx   cap[ 19]: 0x00002000 (MAX_TEXTURE_WIDTH)
2026-06-15T00:09:57.231Z In(05) vmx   cap[ 20]: 0x00002000 (MAX_TEXTURE_HEIGHT)
2026-06-15T00:09:57.231Z In(05) vmx   cap[ 93]: 0x00000001 (TS_COLOR_KEY)
2026-06-15T00:09:57.231Z In(05) vmx SVGA3dClamp:     Host Provides     BC67Level:     0 (    0,     0)
2026-06-15T00:09:57.231Z In(05) vmx SVGA3dClamp:     Host Provides BaseCapsLevel:     0 (    0,     4)
2026-06-15T00:09:57.231Z In(05) vmx SVGA3dClamp:     Host Provides    ClampLevel:     0 (    0,     0)
2026-06-15T00:09:57.231Z In(05) vmx SVGA3dCaps: Disabling 3d support
2026-06-15T00:09:57.231Z In(05) vmx SVGA3dCaps: guest, compatibility level: 10
2026-06-15T00:09:57.231Z In(05) vmx   cap[ 19]: 0x00002000 (MAX_TEXTURE_WIDTH)
2026-06-15T00:09:57.231Z In(05) vmx   cap[ 20]: 0x00002000 (MAX_TEXTURE_HEIGHT)
2026-06-15T00:09:57.231Z In(05) vmx SVGA3dClamp:    Guest Requires     BC67Level:     0 (    0,     0)
2026-06-15T00:09:57.231Z In(05) vmx SVGA3dClamp:    Guest Requires BaseCapsLevel:     0 (    0,     0)
2026-06-15T00:09:57.231Z In(05) vmx SVGA3dClamp:    Guest Requires    ClampLevel:     0 (    0,     0)
2026-06-15T00:09:57.231Z In(05) vmx USB: Initializing 'UHCI' host controller.
2026-06-15T00:09:57.232Z No(00) vmx ConfigDB: Setting ethernet0.generatedAddress = "00:0c:29:c8:54:56"
2026-06-15T00:09:57.232Z No(00) vmx ConfigDB: Setting ethernet0.generatedAddressOffset = "0"
2026-06-15T00:09:57.232Z In(05) vmx Ethernet0 MAC Address: 00:0c:29:c8:54:56
2026-06-15T00:09:57.232Z In(05) vmx Msg_Post: Error
2026-06-15T00:09:57.232Z In(05) vmx [msg.pci.noslotavail] No PCIe slot available for Ethernet0.  Remove Ethernet0 and try again.
2026-06-15T00:09:57.232Z In(05) vmx ----------------------------------------
2026-06-15T00:09:57.362Z In(05) vmx Vix: [mainDispatch.c:4664]: VMAutomationProcessMessage: Postpone the command. VM not running (opcode 151)
2026-06-15T00:10:05.821Z In(05) vmx E1000PCI: failed to register e1000e device.
2026-06-15T00:10:05.821Z In(05) vmx E1000: unable to start e1000e Ethernet adapter's PCI.
2026-06-15T00:10:05Z[+0.000] Wa(03) vmx Caught signal 11 -- tid 39152094 (addr 10)
2026-06-15T00:10:05Z[+0.000] In(05) vmx SIGNAL: pc 0x1040f7c70 sp 0x16bd1de40
2026-06-15T00:10:05Z[+0.000] In(05) vmx SIGNAL: x0 0xaba968e00 x1 0x104573b18 x2 0x60 x3 0xfffff0007fc00000
2026-06-15T00:10:05Z[+0.000] In(05) vmx         x4 0xabb194d00 x5 0x1 x6 0x16bd1dd58 x7 0xfffff0003ffff800
2026-06-15T00:10:05Z[+0.000] In(05) vmx         x8 0x0 x9 0x1 x10 0x0 x11 0x0
2026-06-15T00:10:05Z[+0.000] In(05) vmx         x12 0x8003804098c8 x13 0x700000409400 x14 0x9800 x15 0x64
2026-06-15T00:10:05Z[+0.000] In(05) vmx         x16 0x952d000abb194c80 x17 0x7000400 x18 0x0 x19 0xaba968e00
2026-06-15T00:10:05Z[+0.000] In(05) vmx         x20 0x0 x21 0x10a5e4ec0 x22 0x10a5e4f08 x23 0x0
2026-06-15T00:10:05Z[+0.000] In(05) vmx         x24 0xaba9690b4 x25 0x1 x26 0xaba968ee8 x27 0xaba96a700
2026-06-15T00:10:05Z[+0.000] In(05) vmx         x28 0x1 x29 0x16bd1dea0 x30 0x10443db08
2026-06-15T00:10:05Z[+0.000] In(05) vmx SIGNAL: stack 16BD1DE40 : 0x0000000aba968ee8 0x0000000aba968e00
2026-06-15T00:10:05Z[+0.000] In(05) vmx SIGNAL: stack 16BD1DE50 : 0x0000000000000001 0x0000000aba96a700
2026-06-15T00:10:05Z[+0.000] In(05) vmx SIGNAL: stack 16BD1DE60 : 0x0000000aba968ee8 0x0000000000000001
2026-06-15T00:10:05Z[+0.000] In(05) vmx SIGNAL: stack 16BD1DE70 : 0x0000000aba9690b4 0x0000000000000000
2026-06-15T00:10:05Z[+0.000] In(05) vmx SIGNAL: stack 16BD1DE80 : 0x000000010a5e4f08 0x000000010a5e4ec0
2026-06-15T00:10:05Z[+0.000] In(05) vmx SIGNAL: stack 16BD1DE90 : 0x0000000000000000 0x0000000aba968e00
2026-06-15T00:10:05Z[+0.000] In(05) vmx SIGNAL: stack 16BD1DEA0 : 0x000000016bd1dec0 0x0000000104403484
2026-06-15T00:10:05Z[+0.000] In(05) vmx SIGNAL: stack 16BD1DEB0 : 0x0000000aba968e00 0x0000000aba968f50
2026-06-15T00:10:05Z[+0.000] In(05) vmx Backtrace:
2026-06-15T00:10:05Z[+0.000] In(05) vmx Backtrace[0] rip=00000001046caca8
2026-06-15T00:10:05Z[+0.000] In(05) vmx Backtrace[1] rip=00000001047a6188
2026-06-15T00:10:05Z[+0.000] In(05) vmx Backtrace[2] rip=000000018256b744
2026-06-15T00:10:05Z[+0.000] In(05) vmx Backtrace[3] rip=000000010443db08
2026-06-15T00:10:05Z[+0.000] In(05) vmx Backtrace[4] rip=0000000104403484
2026-06-15T00:10:05Z[+0.000] In(05) vmx Backtrace[5] rip=00000001043fb44c
2026-06-15T00:10:05Z[+0.000] In(05) vmx Backtrace[6] rip=00000001040fa570
2026-06-15T00:10:05Z[+0.000] In(05) vmx Backtrace[7] rip=00000001040f8f80
2026-06-15T00:10:05Z[+0.000] In(05) vmx Backtrace[8] rip=00000001040fa344
2026-06-15T00:10:05Z[+0.000] In(05) vmx Backtrace[9] rip=00000001041100fc
2026-06-15T00:10:05Z[+0.000] In(05) vmx Backtrace[10] rip=0000000104135290
2026-06-15T00:10:05Z[+0.000] In(05) vmx Backtrace[11] rip=0000000104134d54
2026-06-15T00:10:05Z[+0.000] In(05) vmx Backtrace[12] rip=000000010410c6e0
2026-06-15T00:10:05Z[+0.000] In(05) vmx Backtrace[13] rip=000000010410b714
2026-06-15T00:10:05Z[+0.000] In(05) vmx Backtrace[14] rip=00000001821a3e00
2026-06-15T00:10:05Z[+0.000] In(05) vmx SymBacktrace[0] rip=00000001046caca8 in function (null) in object /Applications/VMware Fusion.app/Contents/Library/vmware-vmx loaded at 00000001040e0000
2026-06-15T00:10:05Z[+0.000] In(05) vmx SymBacktrace[1] rip=00000001047a6188 in function (null) in object /Applications/VMware Fusion.app/Contents/Library/vmware-vmx loaded at 00000001040e0000
2026-06-15T00:10:05Z[+0.000] In(05) vmx SymBacktrace[2] rip=000000018256b744 in function _sigtramp in object /usr/lib/system/libsystem_platform.dylib loaded at 0000000182568000
2026-06-15T00:10:05Z[+0.000] In(05) vmx SymBacktrace[3] rip=000000010443db08 in function (null) in object /Applications/VMware Fusion.app/Contents/Library/vmware-vmx loaded at 00000001040e0000
2026-06-15T00:10:05Z[+0.000] In(05) vmx SymBacktrace[4] rip=0000000104403484 in function (null) in object /Applications/VMware Fusion.app/Contents/Library/vmware-vmx loaded at 00000001040e0000
2026-06-15T00:10:05Z[+0.000] In(05) vmx SymBacktrace[5] rip=00000001043fb44c in function (null) in object /Applications/VMware Fusion.app/Contents/Library/vmware-vmx loaded at 00000001040e0000
2026-06-15T00:10:05Z[+0.000] In(05) vmx SymBacktrace[6] rip=00000001040fa570 in function (null) in object /Applications/VMware Fusion.app/Contents/Library/vmware-vmx loaded at 00000001040e0000
2026-06-15T00:10:05Z[+0.000] In(05) vmx SymBacktrace[7] rip=00000001040f8f80 in function (null) in object /Applications/VMware Fusion.app/Contents/Library/vmware-vmx loaded at 00000001040e0000
2026-06-15T00:10:05Z[+0.000] In(05) vmx SymBacktrace[8] rip=00000001040fa344 in function (null) in object /Applications/VMware Fusion.app/Contents/Library/vmware-vmx loaded at 00000001040e0000
2026-06-15T00:10:05Z[+0.000] In(05) vmx SymBacktrace[9] rip=00000001041100fc in function (null) in object /Applications/VMware Fusion.app/Contents/Library/vmware-vmx loaded at 00000001040e0000
2026-06-15T00:10:05Z[+0.000] In(05) vmx SymBacktrace[10] rip=0000000104135290 in function (null) in object /Applications/VMware Fusion.app/Contents/Library/vmware-vmx loaded at 00000001040e0000
2026-06-15T00:10:05Z[+0.000] In(05) vmx SymBacktrace[11] rip=0000000104134d54 in function (null) in object /Applications/VMware Fusion.app/Contents/Library/vmware-vmx loaded at 00000001040e0000
2026-06-15T00:10:05Z[+0.000] In(05) vmx SymBacktrace[12] rip=000000010410c6e0 in function (null) in object /Applications/VMware Fusion.app/Contents/Library/vmware-vmx loaded at 00000001040e0000
2026-06-15T00:10:05Z[+0.000] In(05) vmx SymBacktrace[13] rip=000000010410b714 in function (null) in object /Applications/VMware Fusion.app/Contents/Library/vmware-vmx loaded at 00000001040e0000
2026-06-15T00:10:05Z[+0.000] In(05) vmx SymBacktrace[14] rip=00000001821a3e00 in function start in object /usr/lib/dyld loaded at 0000000182184000
2026-06-15T00:10:05Z[+0.000] Cr(01) vmx PANIC: Unexpected signal: 11.
2026-06-15T00:10:05Z[+0.000] Wa(03) vmx 
2026-06-15T00:10:05Z[+0.000] Wa(03)+ vmx The core dump limit is set to ZERO; no core dump should be expected
2026-06-15T00:10:05Z[+0.000] In(05) vmx Backtrace:
2026-06-15T00:10:05Z[+0.000] In(05) vmx Backtrace[0] rip=00000001046caca8
2026-06-15T00:10:05Z[+0.000] In(05) vmx Backtrace[1] rip=00000001041357bc
2026-06-15T00:10:05Z[+0.000] In(05) vmx Backtrace[2] rip=00000001047a61b8
2026-06-15T00:10:05Z[+0.000] In(05) vmx Backtrace[3] rip=000000018256b744
2026-06-15T00:10:05Z[+0.000] In(05) vmx Backtrace[4] rip=000000010443db08
2026-06-15T00:10:05Z[+0.000] In(05) vmx Backtrace[5] rip=0000000104403484
2026-06-15T00:10:05Z[+0.000] In(05) vmx Backtrace[6] rip=00000001043fb44c
2026-06-15T00:10:05Z[+0.000] In(05) vmx Backtrace[7] rip=00000001040fa570
2026-06-15T00:10:05Z[+0.000] In(05) vmx Backtrace[8] rip=00000001040f8f80
2026-06-15T00:10:05Z[+0.000] In(05) vmx Backtrace[9] rip=00000001040fa344
2026-06-15T00:10:05Z[+0.000] In(05) vmx Backtrace[10] rip=00000001041100fc
2026-06-15T00:10:05Z[+0.000] In(05) vmx Backtrace[11] rip=0000000104135290
2026-06-15T00:10:05Z[+0.000] In(05) vmx Backtrace[12] rip=0000000104134d54
2026-06-15T00:10:05Z[+0.000] In(05) vmx Backtrace[13] rip=000000010410c6e0
2026-06-15T00:10:05Z[+0.000] In(05) vmx Backtrace[14] rip=000000010410b714
2026-06-15T00:10:05Z[+0.000] In(05) vmx Backtrace[15] rip=00000001821a3e00
2026-06-15T00:10:05Z[+0.000] In(05) vmx SymBacktrace[0] rip=00000001046caca8 in function (null) in object /Applications/VMware Fusion.app/Contents/Library/vmware-vmx loaded at 00000001040e0000
2026-06-15T00:10:05Z[+0.000] In(05) vmx SymBacktrace[1] rip=00000001041357bc in function (null) in object /Applications/VMware Fusion.app/Contents/Library/vmware-vmx loaded at 00000001040e0000
2026-06-15T00:10:05Z[+0.000] In(05) vmx SymBacktrace[2] rip=00000001047a61b8 in function (null) in object /Applications/VMware Fusion.app/Contents/Library/vmware-vmx loaded at 00000001040e0000
2026-06-15T00:10:05Z[+0.000] In(05) vmx SymBacktrace[3] rip=000000018256b744 in function _sigtramp in object /usr/lib/system/libsystem_platform.dylib loaded at 0000000182568000
2026-06-15T00:10:05Z[+0.000] In(05) vmx SymBacktrace[4] rip=000000010443db08 in function (null) in object /Applications/VMware Fusion.app/Contents/Library/vmware-vmx loaded at 00000001040e0000
2026-06-15T00:10:05Z[+0.000] In(05) vmx SymBacktrace[5] rip=0000000104403484 in function (null) in object /Applications/VMware Fusion.app/Contents/Library/vmware-vmx loaded at 00000001040e0000
2026-06-15T00:10:05Z[+0.000] In(05) vmx SymBacktrace[6] rip=00000001043fb44c in function (null) in object /Applications/VMware Fusion.app/Contents/Library/vmware-vmx loaded at 00000001040e0000
2026-06-15T00:10:05Z[+0.000] In(05) vmx SymBacktrace[7] rip=00000001040fa570 in function (null) in object /Applications/VMware Fusion.app/Contents/Library/vmware-vmx loaded at 00000001040e0000
2026-06-15T00:10:05Z[+0.000] In(05) vmx SymBacktrace[8] rip=00000001040f8f80 in function (null) in object /Applications/VMware Fusion.app/Contents/Library/vmware-vmx loaded at 00000001040e0000
2026-06-15T00:10:05Z[+0.000] In(05) vmx SymBacktrace[9] rip=00000001040fa344 in function (null) in object /Applications/VMware Fusion.app/Contents/Library/vmware-vmx loaded at 00000001040e0000
2026-06-15T00:10:05Z[+0.000] In(05) vmx SymBacktrace[10] rip=00000001041100fc in function (null) in object /Applications/VMware Fusion.app/Contents/Library/vmware-vmx loaded at 00000001040e0000
2026-06-15T00:10:05Z[+0.000] In(05) vmx SymBacktrace[11] rip=0000000104135290 in function (null) in object /Applications/VMware Fusion.app/Contents/Library/vmware-vmx loaded at 00000001040e0000
2026-06-15T00:10:05Z[+0.000] In(05) vmx SymBacktrace[12] rip=0000000104134d54 in function (null) in object /Applications/VMware Fusion.app/Contents/Library/vmware-vmx loaded at 00000001040e0000
2026-06-15T00:10:05Z[+0.000] In(05) vmx SymBacktrace[13] rip=000000010410c6e0 in function (null) in object /Applications/VMware Fusion.app/Contents/Library/vmware-vmx loaded at 00000001040e0000
2026-06-15T00:10:05Z[+0.000] In(05) vmx SymBacktrace[14] rip=000000010410b714 in function (null) in object /Applications/VMware Fusion.app/Contents/Library/vmware-vmx loaded at 00000001040e0000
2026-06-15T00:10:05Z[+0.000] In(05) vmx SymBacktrace[15] rip=00000001821a3e00 in function start in object /usr/lib/dyld loaded at 0000000182184000
2026-06-15T00:10:05Z[+0.000] In(05) vmx Printing loaded objects
2026-06-15T00:10:05Z[+0.000] In(05) vmx [1040E0000-104F6C000): /Applications/VMware Fusion.app/Contents/Library/vmware-vmx
2026-06-15T00:10:05Z[+0.000] In(05) vmx [1825A1000-182AFF320): /System/Library/Frameworks/CoreFoundation.framework/Versions/A/CoreFoundation
2026-06-15T00:10:05Z[+0.000] In(05) vmx [1820FC000-18214EB4C): /usr/lib/libobjc.A.dylib
2026-06-15T00:10:05Z[+0.000] In(05) vmx [18683A000-186879C1C): /System/Library/PrivateFrameworks/CoreServicesInternal.framework/Versions/A/CoreServicesInternal
2026-06-15T00:10:05Z[+0.000] In(05) vmx [183E0E000-184DF0420): /System/Library/Frameworks/Foundation.framework/Versions/C/Foundation
2026-06-15T00:10:05Z[+0.000] In(05) vmx [19237D000-19238434A): /usr/lib/liboah.dylib
2026-06-15T00:10:05Z[+0.000] In(05) vmx [1923B2000-1923B3FD0): /usr/lib/libfakelink.dylib
2026-06-15T00:10:05Z[+0.000] In(05) vmx [186262000-186537D54): /usr/lib/libicucore.A.dylib
2026-06-15T00:10:05Z[+0.000] In(05) vmx [1923B0000-1923B1CE4): /usr/lib/libSystem.B.dylib
2026-06-15T00:10:05Z[+0.000] In(05) vmx [1923B4000-1923B4A34): /System/Library/PrivateFrameworks/SoftLinking.framework/Versions/A/SoftLinking
2026-06-15T00:10:05Z[+0.000] In(05) vmx [195C20000-1961C17C0): /usr/lib/swift/libswiftCore.dylib
2026-06-15T00:10:05Z[+0.000] In(05) vmx [182502000-18251C760): /usr/lib/libc++abi.dylib
2026-06-15T00:10:05Z[+0.000] In(05) vmx [2855E7000-2855EE34A): /usr/lib/libRosetta.dylib
2026-06-15T00:10:05Z[+0.000] In(05) vmx [182471000-182501AE8): /usr/lib/libc++.1.dylib
2026-06-15T00:10:05Z[+0.000] In(05) vmx [19F7C1000-19F7C46C0): /usr/lib/swift/libswiftObjectiveC.dylib
2026-06-15T00:10:05Z[+0.000] In(05) vmx [286A6D000-286A9B170): /usr/lib/libswiftPrespecialized.dylib
2026-06-15T00:10:05Z[+0.000] In(05) vmx [183A7D000-183B10100): /System/Library/Frameworks/SystemConfiguration.framework/Versions/A/SystemConfiguration
2026-06-15T00:10:05Z[+0.000] In(05) vmx [1922FA000-192308D98): /usr/lib/libz.1.dylib
2026-06-15T00:10:05Z[+0.000] In(05) vmx [18CDED000-18CE359C0): /System/Library/PrivateFrameworks/CoreAutoLayout.framework/Versions/A/CoreAutoLayout
2026-06-15T00:10:05Z[+0.000] In(05) vmx [1925D8000-1926ACD98): /usr/lib/libcompression.dylib
2026-06-15T00:10:05Z[+0.000] In(05) vmx [1888BA000-188C6F1E0): /System/Library/Frameworks/CFNetwork.framework/Versions/A/CFNetwork
2026-06-15T00:10:05Z[+0.000] In(05) vmx [18C21D000-18C2261EC): /System/Library/Frameworks/DiskArbitration.framework/Versions/A/DiskArbitration
2026-06-15T00:10:05Z[+0.000] In(05) vmx [192405000-1924FCEE0): /usr/lib/libarchive.2.dylib
2026-06-15T00:10:05Z[+0.000] In(05) vmx [18C122000-18C1238BC): /usr/lib/libDiagnosticMessagesClient.dylib
2026-06-15T00:10:05Z[+0.000] In(05) vmx [18CE36000-18CF1C13C): /usr/lib/libxml2.2.dylib
2026-06-15T00:10:05Z[+0.000] In(05) vmx [19AA7D000-19AA7D990): /System/Library/Frameworks/CoreServices.framework/Versions/A/CoreServices
2026-06-15T00:10:05Z[+0.000] In(05) vmx [18FF93000-18FF9446C): /usr/lib/liblangid.dylib
2026-06-15T00:10:05Z[+0.000] In(05) vmx [1868BA000-1869A2260): /System/Library/Frameworks/IOKit.framework/Versions/A/IOKit
2026-06-15T00:10:05Z[+0.000] In(05) vmx [198717000-19880AA37): /System/Library/Frameworks/Combine.framework/Versions/A/Combine
2026-06-15T00:10:05Z[+0.000] In(05) vmx [23ADEB000-23AF294EF): /System/Library/PrivateFrameworks/CollectionsInternal.framework/Versions/A/CollectionsInternal
2026-06-15T00:10:05Z[+0.000] In(05) vmx [266CEA000-266CF24E0): /System/Library/PrivateFrameworks/ReflectionInternal.framework/Versions/A/ReflectionInternal
2026-06-15T00:10:05Z[+0.000] In(05) vmx [267C3D000-267C509D8): /System/Library/PrivateFrameworks/RuntimeInternal.framework/Versions/A/RuntimeInternal
2026-06-15T00:10:05Z[+0.000] In(05) vmx [1AF86E000-1AF874328): /usr/lib/swift/libswiftCoreFoundation.dylib
2026-06-15T00:10:05Z[+0.000] In(05) vmx [1AC706000-1AC708708): /usr/lib/swift/libswiftDarwin.dylib
2026-06-15T00:10:05Z[+0.000] In(05) vmx [19C7E9000-19C7FF951): /usr/lib/swift/libswiftDispatch.dylib
2026-06-15T00:10:05Z[+0.000] In(05) vmx [1AF8CF000-1AF8CF8A4): /usr/lib/swift/libswiftIOKit.dylib
2026-06-15T00:10:05Z[+0.000] In(05) vmx [286EB0000-286EC8E61): /usr/lib/swift/libswiftSystem.dylib
2026-06-15T00:10:05Z[+0.000] In(05) vmx [1AF881000-1AF8CD844): /usr/lib/swift/libswiftXPC.dylib
2026-06-15T00:10:05Z[+0.000] In(05) vmx [286EE2000-286EE266A): /usr/lib/swift/libswift_Builtin_float.dylib
2026-06-15T00:10:05Z[+0.000] In(05) vmx [286EE3000-286F6E096): /usr/lib/swift/libswift_Concurrency.dylib
2026-06-15T00:10:05Z[+0.000] In(05) vmx [286F6F000-286F71F84): /usr/lib/swift/libswift_DarwinFoundation1.dylib
2026-06-15T00:10:05Z[+0.000] In(05) vmx [287013000-28709F0CE): /usr/lib/swift/libswift_StringProcessing.dylib
2026-06-15T00:10:05Z[+0.000] In(05) vmx [19F7C5000-19F7E2700): /usr/lib/swift/libswiftos.dylib
2026-06-15T00:10:05Z[+0.000] In(05) vmx [18A8D4000-18C0F1760): /System/Library/Frameworks/Network.framework/Versions/A/Network
2026-06-15T00:10:05Z[+0.000] In(05) vmx [18FF8E000-18FF924D4): /System/Library/PrivateFrameworks/AppleSystemInfo.framework/Versions/A/AppleSystemInfo
2026-06-15T00:10:05Z[+0.000] In(05) vmx [185E43000-186261B00): /System/Library/Frameworks/Security.framework/Versions/A/Security
2026-06-15T00:10:05Z[+0.000] In(05) vmx [191607000-191618274): /usr/lib/libbsm.0.dylib
2026-06-15T00:10:05Z[+0.000] In(05) vmx [18A440000-18A45BD60): /System/Library/PrivateFrameworks/ProtocolBuffer.framework/Versions/A/ProtocolBuffer
2026-06-15T00:10:05Z[+0.000] In(05) vmx [18C0F2000-18C121DE0): /System/Library/PrivateFrameworks/CoreAnalytics.framework/Versions/A/CoreAnalytics
2026-06-15T00:10:05Z[+0.000] In(05) vmx [19E555000-19EA16840): /System/Library/PrivateFrameworks/CoreWiFi.framework/Versions/A/CoreWiFi
2026-06-15T00:10:05Z[+0.000] In(05) vmx [1AF730000-1AF7BEC00): /System/Library/PrivateFrameworks/LoggingSupport.framework/Versions/A/LoggingSupport
2026-06-15T00:10:05Z[+0.000] In(05) vmx [1969B5000-196A99020): /System/Library/PrivateFrameworks/MobileAsset.framework/Versions/A/MobileAsset
2026-06-15T00:10:05Z[+0.000] In(05) vmx [19BC08000-19BC36260): /System/Library/PrivateFrameworks/PowerLog.framework/Versions/A/PowerLog
2026-06-15T00:10:05Z[+0.000] In(05) vmx [19D0CA000-19D1BDB00): /System/Library/PrivateFrameworks/Rapport.framework/Versions/A/Rapport
2026-06-15T00:10:05Z[+0.000] In(05) vmx [18A7D9000-18A844940): /System/Library/PrivateFrameworks/RunningBoardServices.framework/Versions/A/RunningBoardServices
2026-06-15T00:10:05Z[+0.000] In(05) vmx [22EFEE000-22F15A4C0): /System/Library/Frameworks/SwiftData.framework/Versions/A/SwiftData
2026-06-15T00:10:05Z[+0.000] In(05) vmx [1882EF000-188305400): /System/Library/Frameworks/UniformTypeIdentifiers.framework/Versions/A/UniformTypeIdentifiers
2026-06-15T00:10:05Z[+0.000] In(05) vmx [18CFDF000-18D00B660): /System/Library/PrivateFrameworks/UserManagement.framework/Versions/A/UserManagement
2026-06-15T00:10:05Z[+0.000] In(05) vmx [1887E1000-1888B9960): /usr/lib/libboringssl.dylib
2026-06-15T00:10:05Z[+0.000] In(05) vmx [18A8B9000-18A8CAD88): /usr/lib/libdns_services.dylib
2026-06-15T00:10:05Z[+0.000] In(05) vmx [1AE766000-1AE84F4C0): /usr/lib/libquic.dylib
2026-06-15T00:10:05Z[+0.000] In(05) vmx [195BB1000-195C1F870): /usr/lib/libusrtcp.dylib
2026-06-15T00:10:05Z[+0.000] In(05) vmx [188C8D000-188D0CF40): /usr/lib/libMobileGestalt.dylib
2026-06-15T00:10:05Z[+0.000] In(05) vmx [192590000-1925A84AC): /usr/lib/libapple_nghttp2.dylib
2026-06-15T00:10:05Z[+0.000] In(05) vmx [1938F9000-1938FA860): /usr/lib/libcoretls_cfhelpers.dylib
2026-06-15T00:10:05Z[+0.000] In(05) vmx [18A45C000-18A644A30): /usr/lib/libsqlite3.dylib
2026-06-15T00:10:05Z[+0.000] In(05) vmx [237284000-23729679A): /System/Library/PrivateFrameworks/AtomicsInternal.framework/Versions/A/AtomicsInternal
2026-06-15T00:10:05Z[+0.000] In(05) vmx [1D59F7000-1D5B08760): /System/Library/PrivateFrameworks/InternalSwiftProtobuf.framework/Versions/A/InternalSwiftProtobuf
2026-06-15T00:10:05Z[+0.000] In(05) vmx [286D37000-286D49044): /usr/lib/swift/libswiftDistributed.dylib
2026-06-15T00:10:05Z[+0.000] In(05) vmx [286D60000-286D6FEBD): /usr/lib/swift/libswiftObservation.dylib
2026-06-15T00:10:05Z[+0.000] In(05) vmx [286E9C000-286EAF8F0): /usr/lib/swift/libswiftSynchronization.dylib
2026-06-15T00:10:05Z[+0.000] In(05) vmx [1923AA000-1923AF09C): /usr/lib/system/libcache.dylib
2026-06-15T00:10:05Z[+0.000] In(05) vmx [192365000-1923723A8): /usr/lib/system/libcommonCrypto.dylib
2026-06-15T00:10:05Z[+0.000] In(05) vmx [192390000-192393988): /usr/lib/system/libcompiler_rt.dylib
2026-06-15T00:10:05Z[+0.000] In(05) vmx [192385000-19238F800): /usr/lib/system/libcopyfile.dylib
2026-06-15T00:10:05Z[+0.000] In(05) vmx [1822A5000-1823535F8): /usr/lib/system/libcorecrypto.dylib
2026-06-15T00:10:05Z[+0.000] In(05) vmx [1823A5000-1823EC240): /usr/lib/system/libdispatch.dylib
2026-06-15T00:10:05Z[+0.000] In(05) vmx [18214F000-182183D08): /usr/lib/system/libdyld.dylib
2026-06-15T00:10:05Z[+0.000] In(05) vmx [1923A0000-1923A0F28): /usr/lib/system/libkeymgr.dylib
2026-06-15T00:10:05Z[+0.000] In(05) vmx [192348000-19234B528): /usr/lib/system/libmacho.dylib
2026-06-15T00:10:05Z[+0.000] In(05) vmx [1915DF000-1915E21FC): /usr/lib/system/libquarantine.dylib
2026-06-15T00:10:05Z[+0.000] In(05) vmx [19239D000-19239FBF8): /usr/lib/system/libremovefile.dylib
2026-06-15T00:10:05Z[+0.000] In(05) vmx [188D0D000-188D24FE0): /usr/lib/system/libsystem_asl.dylib
2026-06-15T00:10:05Z[+0.000] In(05) vmx [18222B000-18222E229): /usr/lib/system/libsystem_blocks.dylib
2026-06-15T00:10:05Z[+0.000] In(05) vmx [1823F0000-182470DA0): /usr/lib/system/libsystem_c.dylib
2026-06-15T00:10:05Z[+0.000] In(05) vmx [192394000-19239878C): /usr/lib/system/libsystem_collections.dylib
2026-06-15T00:10:05Z[+0.000] In(05) vmx [18FF80000-18FF845D8): /usr/lib/system/libsystem_configuration.dylib
2026-06-15T00:10:05Z[+0.000] In(05) vmx [18EB6F000-18EBA7258): /usr/lib/system/libsystem_containermanager.dylib
2026-06-15T00:10:05Z[+0.000] In(05) vmx [191D7E000-191D84D04): /usr/lib/system/libsystem_coreservices.dylib
2026-06-15T00:10:05Z[+0.000] In(05) vmx [186538000-186541E60): /usr/lib/system/libsystem_darwin.dylib
2026-06-15T00:10:05Z[+0.000] In(05) vmx [287204000-287207A4C): /usr/lib/system/libsystem_darwindirectory.dylib
2026-06-15T00:10:05Z[+0.000] In(05) vmx [1923A1000-1923A9E38): /usr/lib/system/libsystem_dnssd.dylib
2026-06-15T00:10:05Z[+0.000] In(05) vmx [287208000-2872115D4): /usr/lib/system/libsystem_eligibility.dylib
2026-06-15T00:10:05Z[+0.000] In(05) vmx [1823ED000-1823EFFFC): /usr/lib/system/libsystem_featureflags.dylib
2026-06-15T00:10:05Z[+0.000] In(05) vmx [182571000-1825A06EC): /usr/lib/system/libsystem_info.dylib
2026-06-15T00:10:05Z[+0.000] In(05) vmx [192309000-192346A78): /usr/lib/system/libsystem_m.dylib
2026-06-15T00:10:05Z[+0.000] In(05) vmx [182354000-1823A41D8): /usr/lib/system/libsystem_malloc.dylib
2026-06-15T00:10:05Z[+0.000] In(05) vmx [188C70000-188C8AF7C): /usr/lib/system/libsystem_networkextension.dylib
2026-06-15T00:10:05Z[+0.000] In(05) vmx [1869A3000-1869B51B7): /usr/lib/system/libsystem_notify.dylib
2026-06-15T00:10:05Z[+0.000] In(05) vmx [18FF85000-18FF8B8D0): /usr/lib/system/libsystem_sandbox.dylib
2026-06-15T00:10:05Z[+0.000] In(05) vmx [287212000-28721988C): /usr/lib/system/libsystem_sanitizers.dylib
2026-06-15T00:10:05Z[+0.000] In(05) vmx [192399000-19239C4D0): /usr/lib/system/libsystem_secinit.dylib
2026-06-15T00:10:05Z[+0.000] In(05) vmx [18251D000-18255A2B0): /usr/lib/system/libsystem_kernel.dylib
2026-06-15T00:10:05Z[+0.000] In(05) vmx [182568000-182570964): /usr/lib/system/libsystem_platform.dylib
2026-06-15T00:10:05Z[+0.000] In(05) vmx [18255B000-182567B3C): /usr/lib/system/libsystem_pthread.dylib
2026-06-15T00:10:05Z[+0.000] In(05) vmx [18A8CB000-18A8D3388): /usr/lib/system/libsystem_symptoms.dylib
2026-06-15T00:10:05Z[+0.000] In(05) vmx [182284000-1822A4A00): /usr/lib/system/libsystem_trace.dylib
2026-06-15T00:10:05Z[+0.000] In(05) vmx [28721A000-28721ABB8): /usr/lib/system/libsystem_trial.dylib
2026-06-15T00:10:05Z[+0.000] In(05) vmx [192373000-19237CCA4): /usr/lib/system/libunwind.dylib
2026-06-15T00:10:05Z[+0.000] In(05) vmx [18222F000-182283560): /usr/lib/system/libxpc.dylib
2026-06-15T00:10:05Z[+0.000] In(05) vmx [1915A2000-1915D3300): /System/Library/PrivateFrameworks/BackgroundTaskManagement.framework/Versions/A/BackgroundTaskManagement
2026-06-15T00:10:05Z[+0.000] In(05) vmx [2363CB000-2364461D7): /System/Library/PrivateFrameworks/AppleKeyStore.framework/Versions/A/AppleKeyStore
2026-06-15T00:10:05Z[+0.000] In(05) vmx [2852E9000-2852F3460): /usr/lib/libCoreEntitlements.dylib
2026-06-15T00:10:05Z[+0.000] In(05) vmx [25B3CD000-25B42EAC0): /System/Library/PrivateFrameworks/MessageSecurity.framework/Versions/A/MessageSecurity
2026-06-15T00:10:05Z[+0.000] In(05) vmx [19BBF8000-19BC075E0): /System/Library/PrivateFrameworks/SymptomDiagnosticReporter.framework/Versions/A/SymptomDiagnosticReporter
2026-06-15T00:10:05Z[+0.000] In(05) vmx [193AC8000-193ADB1C0): /System/Library/PrivateFrameworks/CrashReporterSupport.framework/Versions/A/CrashReporterSupport
2026-06-15T00:10:05Z[+0.000] In(05) vmx [191D65000-191D704B4): /System/Library/PrivateFrameworks/AppleFSCompression.framework/Versions/A/AppleFSCompression
2026-06-15T00:10:05Z[+0.000] In(05) vmx [1915EF000-1916067AC): /usr/lib/libcoretls.dylib
2026-06-15T00:10:05Z[+0.000] In(05) vmx [1925D2000-1925D7FF8): /usr/lib/libpam.2.dylib
2026-06-15T00:10:05Z[+0.000] In(05) vmx [19396F000-19397D694): /usr/lib/libxar.1.dylib
2026-06-15T00:10:05Z[+0.000] In(05) vmx [1938FB000-19396E5C4): /System/Library/PrivateFrameworks/APFS.framework/Versions/A/APFS
2026-06-15T00:10:05Z[+0.000] In(05) vmx [27336A000-2733964A2): /System/Library/PrivateFrameworks/SwiftASN1Internal.framework/Versions/A/SwiftASN1Internal
2026-06-15T00:10:05Z[+0.000] In(05) vmx [19397E000-19398179C): /usr/lib/libutil.dylib
2026-06-15T00:10:05Z[+0.000] In(05) vmx [188C8B000-188C8C068): /usr/lib/libenergytrace.dylib
2026-06-15T00:10:05Z[+0.000] In(05) vmx [19234C000-192364DC4): /usr/lib/system/libkxld.dylib
2026-06-15T00:10:05Z[+0.000] In(05) vmx [1912B6000-1912EF268): /System/Library/PrivateFrameworks/IOMobileFramebuffer.framework/Versions/A/IOMobileFramebuffer
2026-06-15T00:10:05Z[+0.000] In(05) vmx [18EBA8000-18EBC4260): /System/Library/Frameworks/IOSurface.framework/Versions/A/IOSurface
2026-06-15T00:10:05Z[+0.000] In(05) vmx [193D3A000-193D43BD4): /usr/lib/libheimdal-asn1.dylib
2026-06-15T00:10:05Z[+0.000] In(05) vmx [19256C000-19258FF38): /System/Library/PrivateFrameworks/AppleSauce.framework/Versions/A/AppleSauce
2026-06-15T00:10:05Z[+0.000] In(05) vmx [19150F000-1915A1AA0): /System/Library/Frameworks/SecurityFoundation.framework/Versions/A/SecurityFoundation
2026-06-15T00:10:05Z[+0.000] In(05) vmx [1914E8000-1914FF6E0): /System/Library/PrivateFrameworks/MobileKeyBag.framework/Versions/A/MobileKeyBag
2026-06-15T00:10:05Z[+0.000] In(05) vmx [196B2C000-196B3B161): /System/Library/PrivateFrameworks/CorePhoneNumbers.framework/Versions/A/CorePhoneNumbers
2026-06-15T00:10:05Z[+0.000] In(05) vmx [19ECEF000-19ED055C0): /System/Library/PrivateFrameworks/RemoteServiceDiscovery.framework/Versions/A/RemoteServiceDiscovery
2026-06-15T00:10:05Z[+0.000] In(05) vmx [18A645000-18A6CF2A0): /System/Library/Frameworks/Accounts.framework/Versions/A/Accounts
2026-06-15T00:10:05Z[+0.000] In(05) vmx [18FF8C000-18FF8D180): /System/Library/PrivateFrameworks/AggregateDictionary.framework/Versions/A/AggregateDictionary
2026-06-15T00:10:05Z[+0.000] In(05) vmx [19ED06000-19ED1BC40): /System/Library/PrivateFrameworks/RemoteXPC.framework/Versions/A/RemoteXPC
2026-06-15T00:10:05Z[+0.000] In(05) vmx [1BE74E000-1BE7F8D60): /usr/lib/libFDR.dylib
2026-06-15T00:10:05Z[+0.000] In(05) vmx [1C46FE000-1C47202A0): /usr/lib/libamsupport.dylib
2026-06-15T00:10:05Z[+0.000] In(05) vmx [2855DF000-2855E6880): /usr/lib/libReverseProxyDevice.dylib
2026-06-15T00:10:05Z[+0.000] In(05) vmx [1B6994000-1B699ABC0): /System/Library/PrivateFrameworks/MSUDataAccessor.framework/Versions/A/MSUDataAccessor
2026-06-15T00:10:05Z[+0.000] In(05) vmx [235C3B000-235C4FAC0): /System/Library/PrivateFrameworks/AppleDeviceQuerySupport.framework/Versions/A/AppleDeviceQuerySupport
2026-06-15T00:10:05Z[+0.000] In(05) vmx [19EE37000-19EE7A260): /System/Library/PrivateFrameworks/AppSupport.framework/Versions/A/AppSupport
2026-06-15T00:10:05Z[+0.000] In(05) vmx [1AE632000-1AE6325A8): /System/Library/Frameworks/AVFoundation.framework/Versions/A/AVFoundation
2026-06-15T00:10:05Z[+0.000] In(05) vmx [189300000-189A55040): /System/Library/Frameworks/CoreGraphics.framework/Versions/A/CoreGraphics
2026-06-15T00:10:05Z[+0.000] In(05) vmx [196952000-1969A3AB0): /System/Library/Frameworks/GSS.framework/Versions/A/GSS
2026-06-15T00:10:05Z[+0.000] In(05) vmx [194D44000-19504DFA0): /System/Library/PrivateFrameworks/InternationalSupport.framework/Versions/A/InternationalSupport
2026-06-15T00:10:05Z[+0.000] In(05) vmx [19F749000-19F767BA0): /System/Library/PrivateFrameworks/StreamingZip.framework/Versions/A/StreamingZip
2026-06-15T00:10:05Z[+0.000] In(05) vmx [1938DA000-1938F84F8): /usr/lib/liblzma.5.dylib
2026-06-15T00:10:05Z[+0.000] In(05) vmx [18CDB2000-18CDBE91C): /System/Library/Frameworks/CoreServices.framework/Versions/A/Frameworks/FSEvents.framework/Versions/A/FSEvents
2026-06-15T00:10:05Z[+0.000] In(05) vmx [186542000-186839CC0): /System/Library/Frameworks/CoreServices.framework/Versions/A/Frameworks/CarbonCore.framework/Versions/A/CarbonCore
2026-06-15T00:10:05Z[+0.000] In(05) vmx [18C191000-18C21CB60): /System/Library/Frameworks/CoreServices.framework/Versions/A/Frameworks/Metadata.framework/Versions/A/Metadata
2026-06-15T00:10:05Z[+0.000] In(05) vmx [191D85000-191DB6AE0): /System/Library/Frameworks/CoreServices.framework/Versions/A/Frameworks/OSServices.framework/Versions/A/OSServices
2026-06-15T00:10:05Z[+0.000] In(05) vmx [1924FD000-19256285C): /System/Library/Frameworks/CoreServices.framework/Versions/A/Frameworks/SearchKit.framework/Versions/A/SearchKit
2026-06-15T00:10:05Z[+0.000] In(05) vmx [18A845000-18A8B8C38): /System/Library/Frameworks/CoreServices.framework/Versions/A/Frameworks/AE.framework/Versions/A/AE
2026-06-15T00:10:05Z[+0.000] In(05) vmx [182B00000-182E1AC00): /System/Library/Frameworks/CoreServices.framework/Versions/A/Frameworks/LaunchServices.framework/Versions/A/LaunchServices
2026-06-15T00:10:05Z[+0.000] In(05) vmx [193883000-1938D9440): /System/Library/Frameworks/CoreServices.framework/Versions/A/Frameworks/DictionaryServices.framework/Versions/A/DictionaryServices
2026-06-15T00:10:05Z[+0.000] In(05) vmx [18CDBF000-18CDE80E0): /System/Library/Frameworks/CoreServices.framework/Versions/A/Frameworks/SharedFileList.framework/Versions/A/SharedFileList
2026-06-15T00:10:05Z[+0.000] In(05) vmx [1915E3000-1915EE2C0): /usr/lib/libCheckFix.dylib
2026-06-15T00:10:05Z[+0.000] In(05) vmx [188D25000-188D48798): /System/Library/PrivateFrameworks/TCC.framework/Versions/A/TCC
2026-06-15T00:10:05Z[+0.000] In(05) vmx [18FF95000-1900B4460): /System/Library/PrivateFrameworks/CoreNLP.framework/Versions/A/CoreNLP
2026-06-15T00:10:05Z[+0.000] In(05) vmx [18C124000-18C190340): /System/Library/PrivateFrameworks/MetadataUtilities.framework/Versions/A/MetadataUtilities
2026-06-15T00:10:05Z[+0.000] In(05) vmx [19ACFC000-19ACFC418): /System/Library/Frameworks/Accelerate.framework/Versions/A/Accelerate
2026-06-15T00:10:05Z[+0.000] In(05) vmx [191619000-191677C6C): /usr/lib/libmecab.dylib
2026-06-15T00:10:05Z[+0.000] In(05) vmx [183B11000-183B4557C): /usr/lib/libCRFSuite.dylib
2026-06-15T00:10:05Z[+0.000] In(05) vmx [191678000-19167A41C): /usr/lib/libgermantok.dylib
2026-06-15T00:10:05Z[+0.000] In(05) vmx [192563000-19256B190): /usr/lib/libThaiTokenizer.dylib
2026-06-15T00:10:05Z[+0.000] In(05) vmx [18C227000-18C64B064): /System/Library/Frameworks/Accelerate.framework/Versions/A/Frameworks/vImage.framework/Versions/A/vImage
2026-06-15T00:10:05Z[+0.000] In(05) vmx [19AA58000-19AA58870): /System/Library/Frameworks/Accelerate.framework/Versions/A/Frameworks/vecLib.framework/Versions/A/vecLib
2026-06-15T00:10:05Z[+0.000] In(05) vmx [1939B5000-193A2E588): /System/Library/Frameworks/Accelerate.framework/Versions/A/Frameworks/vecLib.framework/Versions/A/libvMisc.dylib
2026-06-15T00:10:05Z[+0.000] In(05) vmx [183004000-1837FE4C0): /System/Library/Frameworks/Accelerate.framework/Versions/A/Frameworks/vecLib.framework/Versions/A/libBLAS.dylib
2026-06-15T00:10:05Z[+0.000] In(05) vmx [19F14A000-19F14A928): /System/Library/Frameworks/ApplicationServices.framework/Versions/A/ApplicationServices
2026-06-15T00:10:05Z[+0.000] In(05) vmx [18CF1D000-18CF9D860): /System/Library/Frameworks/CoreVideo.framework/Versions/A/CoreVideo
2026-06-15T00:10:05Z[+0.000] In(05) vmx [189A56000-189BFDB8C): /System/Library/Frameworks/ColorSync.framework/Versions/A/ColorSync
2026-06-15T00:10:05Z[+0.000] In(05) vmx [185484000-1856ACF20): /System/Library/Frameworks/CoreText.framework/Versions/A/CoreText
2026-06-15T00:10:05Z[+0.000] In(05) vmx [18F69B000-18F9DA8E0): /System/Library/Frameworks/ImageIO.framework/Versions/A/ImageIO
2026-06-15T00:10:05Z[+0.000] In(05) vmx [196569000-1965B04C0): /System/Library/Frameworks/ApplicationServices.framework/Versions/A/Frameworks/ATS.framework/Versions/A/ATS
2026-06-15T00:10:05Z[+0.000] In(05) vmx [189BFE000-189C69360): /System/Library/Frameworks/ApplicationServices.framework/Versions/A/Frameworks/HIServices.framework/Versions/A/HIServices
2026-06-15T00:10:05Z[+0.000] In(05) vmx [194C3A000-194CAC720): /System/Library/Frameworks/ApplicationServices.framework/Versions/A/Frameworks/PrintCore.framework/Versions/A/PrintCore
2026-06-15T00:10:05Z[+0.000] In(05) vmx [19691B000-196923DF0): /System/Library/Frameworks/ApplicationServices.framework/Versions/A/Frameworks/QD.framework/Versions/A/QD
2026-06-15T00:10:05Z[+0.000] In(05) vmx [196916000-19691ADCC): /System/Library/Frameworks/ApplicationServices.framework/Versions/A/Frameworks/ColorSyncLegacy.framework/Versions/A/ColorSyncLegacy
2026-06-15T00:10:05Z[+0.000] In(05) vmx [19653B000-196568940): /System/Library/Frameworks/ApplicationServices.framework/Versions/A/Frameworks/SpeechSynthesis.framework/Versions/A/SpeechSynthesis
2026-06-15T00:10:05Z[+0.000] In(05) vmx [188D49000-1892FFBC0): /System/Library/PrivateFrameworks/SkyLight.framework/Versions/A/SkyLight
2026-06-15T00:10:05Z[+0.000] In(05) vmx [18F076000-18F345260): /System/Library/PrivateFrameworks/FontServices.framework/libFontParser.dylib
2026-06-15T00:10:05Z[+0.000] In(05) vmx [237AB2000-2383641A0): /System/Library/PrivateFrameworks/BiomeLibrary.framework/Versions/A/BiomeLibrary
2026-06-15T00:10:05Z[+0.000] In(05) vmx [18A6E7000-18A7D84A0): /System/Library/PrivateFrameworks/BaseBoard.framework/Versions/A/BaseBoard
2026-06-15T00:10:05Z[+0.000] In(05) vmx [19CB4A000-19CBD6C40): /System/Library/PrivateFrameworks/BoardServices.framework/Versions/A/BoardServices
2026-06-15T00:10:05Z[+0.000] In(05) vmx [19EA17000-19EA895A0): /System/Library/PrivateFrameworks/BackBoardServices.framework/Versions/A/BackBoardServices
2026-06-15T00:10:05Z[+0.000] In(05) vmx [2379B7000-2379FF7E0): /System/Library/PrivateFrameworks/BackBoardHIDEventFoundation.framework/Versions/A/BackBoardHIDEventFoundation
2026-06-15T00:10:05Z[+0.000] In(05) vmx [184FA0000-1850C0CC0): /System/Library/Frameworks/CoreDisplay.framework/Versions/A/CoreDisplay
2026-06-15T00:10:05Z[+0.000] In(05) vmx [194593000-194AE92A0): /System/Library/Frameworks/VideoToolbox.framework/Versions/A/VideoToolbox
2026-06-15T00:10:05Z[+0.000] In(05) vmx [1925D0000-1925D1640): /System/Library/Frameworks/MetalPerformanceShaders.framework/Versions/A/MetalPerformanceShaders
2026-06-15T00:10:05Z[+0.000] In(05) vmx [265BF4000-265D30120): /System/Library/PrivateFrameworks/ProDisplayLibrary.framework/Versions/A/ProDisplayLibrary
2026-06-15T00:10:05Z[+0.000] In(05) vmx [1A2848000-1A284C760): /System/Library/PrivateFrameworks/IOSurfaceAccelerator.framework/Versions/A/IOSurfaceAccelerator
2026-06-15T00:10:05Z[+0.000] In(05) vmx [18EBD0000-18EEA9D60): /System/Library/Frameworks/Metal.framework/Versions/A/Metal
2026-06-15T00:10:05Z[+0.000] In(05) vmx [18EBC5000-18EBCF060): /System/Library/PrivateFrameworks/IOAccelerator.framework/Versions/A/IOAccelerator
2026-06-15T00:10:05Z[+0.000] In(05) vmx [18EED4000-18F0752A0): /System/Library/Frameworks/CoreMedia.framework/Versions/A/CoreMedia
2026-06-15T00:10:05Z[+0.000] In(05) vmx [19454B000-19454CE20): /System/Library/PrivateFrameworks/WatchdogClient.framework/Versions/A/WatchdogClient
2026-06-15T00:10:05Z[+0.000] In(05) vmx [18C64C000-18CA61CE0): /System/Library/Frameworks/QuartzCore.framework/Versions/A/QuartzCore
2026-06-15T00:10:05Z[+0.000] In(05) vmx [19454D000-194592C20): /System/Library/PrivateFrameworks/MultitouchSupport.framework/Versions/A/MultitouchSupport
2026-06-15T00:10:05Z[+0.000] In(05) vmx [1C76A6000-1C776BA9C): /usr/lib/swift/libswiftAccelerate.dylib
2026-06-15T00:10:05Z[+0.000] In(05) vmx [1AF84E000-1AF86D880): /usr/lib/swift/libswiftCoreAudio.dylib
2026-06-15T00:10:05Z[+0.000] In(05) vmx [1CB821000-1CB882760): /usr/lib/swift/libswiftCoreMedia.dylib
2026-06-15T00:10:05Z[+0.000] In(05) vmx [1BD80F000-1BD81CA20): /usr/lib/swift/libswiftMetal.dylib
2026-06-15T00:10:05Z[+0.000] In(05) vmx [1CCFD4000-1CCFD5BC0): /usr/lib/swift/libswiftOSLog.dylib
2026-06-15T00:10:05Z[+0.000] In(05) vmx [1C2C03000-1C2C04FA0): /usr/lib/swift/libswiftQuartzCore.dylib
2026-06-15T00:10:05Z[+0.000] In(05) vmx [1C7696000-1C76A5140): /usr/lib/swift/libswiftUniformTypeIdentifiers.dylib
2026-06-15T00:10:05Z[+0.000] In(05) vmx [286ECA000-286EE07A0): /usr/lib/swift/libswiftVideoToolbox.dylib
2026-06-15T00:10:05Z[+0.000] In(05) vmx [1B33C0000-1B33D788C): /usr/lib/swift/libswiftsimd.dylib
2026-06-15T00:10:05Z[+0.000] In(05) vmx [1BE87A000-1BEE44EA0): /System/Library/PrivateFrameworks/BiomeStreams.framework/Versions/A/BiomeStreams
2026-06-15T00:10:05Z[+0.000] In(05) vmx [1C4B5D000-1C4BA0000): /System/Library/PrivateFrameworks/BiomeStorage.framework/Versions/A/BiomeStorage
2026-06-15T00:10:05Z[+0.000] In(05) vmx [1BA8E0000-1BA937240): /System/Library/PrivateFrameworks/BiomeFoundation.framework/Versions/A/BiomeFoundation
2026-06-15T00:10:05Z[+0.000] In(05) vmx [254111000-2548DFCC0): /System/Library/PrivateFrameworks/IntelligencePlatformLibrary.framework/Versions/A/IntelligencePlatformLibrary
2026-06-15T00:10:05Z[+0.000] In(05) vmx [2649B8000-264A25260): /System/Library/PrivateFrameworks/PoirotSchematizer.framework/Versions/A/PoirotSchematizer
2026-06-15T00:10:05Z[+0.000] In(05) vmx [238365000-23836AB60): /System/Library/PrivateFrameworks/BiomeSync.framework/Versions/A/BiomeSync
2026-06-15T00:10:05Z[+0.000] In(05) vmx [237A98000-237AB18E0): /System/Library/PrivateFrameworks/BiomeDSL.framework/Versions/A/BiomeDSL
2026-06-15T00:10:05Z[+0.000] In(05) vmx [1C4AFC000-1C4B5C0C0): /System/Library/PrivateFrameworks/BiomePubSub.framework/Versions/A/BiomePubSub
2026-06-15T00:10:05Z[+0.000] In(05) vmx [1A072C000-1A07BA860): /System/Library/PrivateFrameworks/ProactiveSupport.framework/Versions/A/ProactiveSupport
2026-06-15T00:10:05Z[+0.000] In(05) vmx [1DDBC0000-1DDBC0AF4): /System/Library/PrivateFrameworks/FeatureFlags.framework/Versions/A/FeatureFlags
2026-06-15T00:10:05Z[+0.000] In(05) vmx [264A26000-264A5BC00): /System/Library/PrivateFrameworks/PoirotUDFs.framework/Versions/A/PoirotUDFs
2026-06-15T00:10:05Z[+0.000] In(05) vmx [286F72000-286F72EEC): /usr/lib/swift/libswift_DarwinFoundation2.dylib
2026-06-15T00:10:05Z[+0.000] In(05) vmx [286F73000-286F737A8): /usr/lib/swift/libswift_DarwinFoundation3.dylib
2026-06-15T00:10:05Z[+0.000] In(05) vmx [19D0BF000-19D0C90A0): /System/Library/PrivateFrameworks/CoreTime.framework/Versions/A/CoreTime
2026-06-15T00:10:05Z[+0.000] In(05) vmx [19F14B000-19F14DF40): /System/Library/PrivateFrameworks/InternationalTextSearch.framework/Versions/A/InternationalTextSearch
2026-06-15T00:10:05Z[+0.000] In(05) vmx [1B6DBC000-1B6E1EA60): /System/Library/PrivateFrameworks/SoftwareUpdateCoreSupport.framework/Versions/A/SoftwareUpdateCoreSupport
2026-06-15T00:10:05Z[+0.000] In(05) vmx [1BF318000-1BF32C900): /System/Library/PrivateFrameworks/SoftwareUpdateCoreConnect.framework/Versions/A/SoftwareUpdateCoreConnect
2026-06-15T00:10:05Z[+0.000] In(05) vmx [1B18FC000-1B19352C8): /usr/lib/libbootpolicy.dylib
2026-06-15T00:10:05Z[+0.000] In(05) vmx [1C78C0000-1C78D1120): /usr/lib/libpartition2_dynamic.dylib
2026-06-15T00:10:05Z[+0.000] In(05) vmx [285194000-28522E360): /usr/lib/libAppleArchive.dylib
2026-06-15T00:10:05Z[+0.000] In(05) vmx [191D71000-191D7D0A4): /usr/lib/libbz2.1.0.dylib
2026-06-15T00:10:05Z[+0.000] In(05) vmx [1C1769000-1C17D3C20): /System/Library/PrivateFrameworks/OSAnalytics.framework/Versions/A/OSAnalytics
2026-06-15T00:10:05Z[+0.000] In(05) vmx [242494000-2424A74A0): /System/Library/PrivateFrameworks/DeviceRecovery.framework/Versions/A/DeviceRecovery
2026-06-15T00:10:05Z[+0.000] In(05) vmx [19CF62000-19D0BEDE0): /System/Library/PrivateFrameworks/CoreSymbolication.framework/Versions/A/CoreSymbolication
2026-06-15T00:10:05Z[+0.000] In(05) vmx [1D10A3000-1D11AFD60): /System/Library/PrivateFrameworks/Symbolication.framework/Versions/A/Symbolication
2026-06-15T00:10:05Z[+0.000] In(05) vmx [19CF40000-19CF61EA0): /System/Library/PrivateFrameworks/DebugSymbols.framework/Versions/A/DebugSymbols
2026-06-15T00:10:05Z[+0.000] In(05) vmx [1AF7BF000-1AF7CBACC): /System/Library/PrivateFrameworks/MallocStackLogging.framework/Versions/A/MallocStackLogging
2026-06-15T00:10:05Z[+0.000] In(05) vmx [286F74000-2870124A0): /usr/lib/swift/libswift_RegexParser.dylib
2026-06-15T00:10:05Z[+0.000] In(05) vmx [1923EA000-1923F12BC): /usr/lib/libiconv.2.dylib
2026-06-15T00:10:05Z[+0.000] In(05) vmx [192347000-192347C9C): /usr/lib/libcharset.1.dylib
2026-06-15T00:10:05Z[+0.000] In(05) vmx [26497B000-2649B7A3D): /System/Library/PrivateFrameworks/PoirotSQLite.framework/Versions/A/PoirotSQLite
2026-06-15T00:10:05Z[+0.000] In(05) vmx [23999B000-239A338C0): /System/Library/PrivateFrameworks/CascadeSets.framework/Versions/A/CascadeSets
2026-06-15T00:10:05Z[+0.000] In(05) vmx [194345000-1943896F0): /System/Library/PrivateFrameworks/AppleJPEG.framework/Versions/A/AppleJPEG
2026-06-15T00:10:05Z[+0.000] In(05) vmx [193D1F000-193D39CD0): /usr/lib/libexpat.1.dylib
2026-06-15T00:10:05Z[+0.000] In(05) vmx [194B10000-194B3A020): /System/Library/Frameworks/ImageIO.framework/Versions/A/Resources/libPng.dylib
2026-06-15T00:10:05Z[+0.000] In(05) vmx [194B3B000-194B9BA78): /System/Library/Frameworks/ImageIO.framework/Versions/A/Resources/libTIFF.dylib
2026-06-15T00:10:05Z[+0.000] In(05) vmx [194C23000-194C289FC): /System/Library/Frameworks/ImageIO.framework/Versions/A/Resources/libGIF.dylib
2026-06-15T00:10:05Z[+0.000] In(05) vmx [19438A000-19454A930): /System/Library/Frameworks/ImageIO.framework/Versions/A/Resources/libJP2.dylib
2026-06-15T00:10:05Z[+0.000] In(05) vmx [193A2F000-193ABE460): /usr/lib/libate.dylib
2026-06-15T00:10:05Z[+0.000] In(05) vmx [194BCA000-194BF4BB0): /System/Library/Frameworks/ImageIO.framework/Versions/A/Resources/libJPEG.dylib
2026-06-15T00:10:05Z[+0.000] In(05) vmx [194BC1000-194BC3914): /System/Library/Frameworks/ImageIO.framework/Versions/A/Resources/libRadiance.dylib
2026-06-15T00:10:05Z[+0.000] In(05) vmx [249DC8000-249E07798): /System/Library/PrivateFrameworks/GPUCompiler.framework/Versions/32023/Libraries/libllvm-flatbuffers.dylib
2026-06-15T00:10:05Z[+0.000] In(05) vmx [244827000-244833CA0): /System/Library/PrivateFrameworks/FramePacing.framework/Versions/A/FramePacing
2026-06-15T00:10:05Z[+0.000] In(05) vmx [227A3A000-227A412A4): /System/Library/Frameworks/OpenGL.framework/Versions/A/Libraries/libCoreFSCache.dylib
2026-06-15T00:10:05Z[+0.000] In(05) vmx [245955000-24595AF08): /System/Library/PrivateFrameworks/GPUCompiler.framework/Versions/32023/Libraries/libGPUCompilerUtils.dylib
2026-06-15T00:10:05Z[+0.000] In(05) vmx [18A052000-18A43FF60): /System/Library/Frameworks/CoreData.framework/Versions/A/CoreData
2026-06-15T00:10:05Z[+0.000] In(05) vmx [18E8EE000-18EB6EB00): /System/Library/Frameworks/CoreLocation.framework/Versions/A/CoreLocation
2026-06-15T00:10:05Z[+0.000] In(05) vmx [231049000-231073B60): /System/Library/Frameworks/_LocationEssentials.framework/Versions/A/_LocationEssentials
2026-06-15T00:10:05Z[+0.000] In(05) vmx [19880B000-19A642300): /System/Library/PrivateFrameworks/GeoServices.framework/Versions/A/GeoServices
2026-06-15T00:10:05Z[+0.000] In(05) vmx [19623B000-196274020): /System/Library/PrivateFrameworks/LocationSupport.framework/Versions/A/LocationSupport
2026-06-15T00:10:05Z[+0.000] In(05) vmx [19BAED000-19BBF70A0): /System/Library/Frameworks/CoreBluetooth.framework/Versions/A/CoreBluetooth
2026-06-15T00:10:05Z[+0.000] In(05) vmx [24D91B000-24D920340): /System/Library/PrivateFrameworks/GeoServicesCore.framework/Versions/A/GeoServicesCore
2026-06-15T00:10:05Z[+0.000] In(05) vmx [1A85F4000-1A85F5180): /System/Library/PrivateFrameworks/PhoneNumbers.framework/Versions/A/PhoneNumbers
2026-06-15T00:10:05Z[+0.000] In(05) vmx [229AC4000-229C37F20): /System/Library/Frameworks/ExtensionFoundation.framework/Versions/A/ExtensionFoundation
2026-06-15T00:10:05Z[+0.000] In(05) vmx [193FA2000-193FAEC80): /System/Library/PrivateFrameworks/AppServerSupport.framework/Versions/A/AppServerSupport
2026-06-15T00:10:05Z[+0.000] In(05) vmx [26042E000-260457B20): /System/Library/PrivateFrameworks/OSEligibility.framework/Versions/A/OSEligibility
2026-06-15T00:10:05Z[+0.000] In(05) vmx [193DA5000-193E62F20): /System/Library/PrivateFrameworks/IconServices.framework/Versions/A/IconServices
2026-06-15T00:10:05Z[+0.000] In(05) vmx [22AEA8000-22AEEAA20): /System/Library/Frameworks/LightweightCodeRequirements.framework/Versions/A/LightweightCodeRequirements
2026-06-15T00:10:05Z[+0.000] In(05) vmx [193C1F000-193C5FFA0): /System/Library/PrivateFrameworks/PlugInKit.framework/Versions/A/PlugInKit
2026-06-15T00:10:05Z[+0.000] In(05) vmx [191500000-19150E100): /System/Library/PrivateFrameworks/AssertionServices.framework/Versions/A/AssertionServices
2026-06-15T00:10:05Z[+0.000] In(05) vmx [193D44000-193DA4620): /System/Library/PrivateFrameworks/IconFoundation.framework/Versions/A/IconFoundation
2026-06-15T00:10:05Z[+0.000] In(05) vmx [250C9F000-250D10080): /System/Library/PrivateFrameworks/IconRendering.framework/Versions/A/IconRendering
2026-06-15T00:10:05Z[+0.000] In(05) vmx [18CAB4000-18CC3A840): /System/Library/PrivateFrameworks/CoreUI.framework/Versions/A/CoreUI
2026-06-15T00:10:05Z[+0.000] In(05) vmx [18F9DB000-18FEC5FA0): /System/Library/Frameworks/CoreImage.framework/Versions/A/CoreImage
2026-06-15T00:10:05Z[+0.000] In(05) vmx [267E09000-267E8EA40): /System/Library/PrivateFrameworks/SFSymbols.framework/Versions/A/SFSymbols
2026-06-15T00:10:05Z[+0.000] In(05) vmx [22997A000-229991760): /System/Library/Frameworks/DeveloperToolsSupport.framework/Versions/A/DeveloperToolsSupport
2026-06-15T00:10:05Z[+0.000] In(05) vmx [1A69BD000-1A6B40920): /System/Library/PrivateFrameworks/RenderBox.framework/Versions/A/RenderBox
2026-06-15T00:10:05Z[+0.000] In(05) vmx [18F65D000-18F69A1A0): /System/Library/PrivateFrameworks/CoreSVG.framework/Versions/A/CoreSVG
2026-06-15T00:10:05Z[+0.000] In(05) vmx [194CAD000-194D43920): /System/Library/PrivateFrameworks/TextureIO.framework/Versions/A/TextureIO
2026-06-15T00:10:05Z[+0.000] In(05) vmx [1AF8CE000-1AF8CE800): /usr/lib/swift/libswiftCoreImage.dylib
2026-06-15T00:10:05Z[+0.000] In(05) vmx [193F52000-193F61800): /System/Library/PrivateFrameworks/GraphVisualizer.framework/Versions/A/GraphVisualizer
2026-06-15T00:10:05Z[+0.000] In(05) vmx [227A48000-227A582B8): /System/Library/Frameworks/OpenGL.framework/Versions/A/OpenGL
2026-06-15T00:10:05Z[+0.000] In(05) vmx [227A99000-227AD25C0): /System/Library/Frameworks/OpenGL.framework/Versions/A/Libraries/libGLU.dylib
2026-06-15T00:10:05Z[+0.000] In(05) vmx [227A5C000-227A64500): /System/Library/Frameworks/OpenGL.framework/Versions/A/Libraries/libGFXShared.dylib
2026-06-15T00:10:05Z[+0.000] In(05) vmx [227C29000-227C32BC8): /System/Library/Frameworks/OpenGL.framework/Versions/A/Libraries/libGL.dylib
2026-06-15T00:10:05Z[+0.000] In(05) vmx [227A65000-227A9854C): /System/Library/Frameworks/OpenGL.framework/Versions/A/Libraries/libGLImage.dylib
2026-06-15T00:10:05Z[+0.000] In(05) vmx [227A59000-227A5B7C0): /System/Library/Frameworks/OpenGL.framework/Versions/A/Libraries/libCVMSPluginSupport.dylib
2026-06-15T00:10:05Z[+0.000] In(05) vmx [227A42000-227A47948): /System/Library/Frameworks/OpenGL.framework/Versions/A/Libraries/libCoreVMClient.dylib
2026-06-15T00:10:05Z[+0.000] In(05) vmx [244732000-244735300): /System/Library/PrivateFrameworks/FontServices.framework/Versions/A/FontServices
2026-06-15T00:10:05Z[+0.000] In(05) vmx [193F62000-193FA1520): /System/Library/PrivateFrameworks/OTSVG.framework/Versions/A/OTSVG
2026-06-15T00:10:05Z[+0.000] In(05) vmx [18CA62000-18CAB3500): /System/Library/Frameworks/ApplicationServices.framework/Versions/A/Frameworks/ATS.framework/Versions/A/Resources/libFontRegistry.dylib
2026-06-15T00:10:05Z[+0.000] In(05) vmx [2860A7000-2860C3763): /usr/lib/libhvf.dylib
2026-06-15T00:10:05Z[+0.000] In(05) vmx [2610BA000-2611D2860): /System/Library/PrivateFrameworks/ParsingInternal.framework/Versions/A/ParsingInternal
2026-06-15T00:10:05Z[+0.000] In(05) vmx [244736000-244825E30): /System/Library/PrivateFrameworks/FontServices.framework/libXTFontStaticRegistryData.dylib
2026-06-15T00:10:05Z[+0.000] In(05) vmx [18FEC6000-18FF7FDE0): /System/Library/Frameworks/MetalPerformanceShaders.framework/Versions/A/Frameworks/MPSCore.framework/Versions/A/MPSCore
2026-06-15T00:10:05Z[+0.000] In(05) vmx [191CD0000-191D641E0): /System/Library/Frameworks/MetalPerformanceShaders.framework/Versions/A/Frameworks/MPSImage.framework/Versions/A/MPSImage
2026-06-15T00:10:05Z[+0.000] In(05) vmx [19168F000-1918E5180): /System/Library/Frameworks/MetalPerformanceShaders.framework/Versions/A/Frameworks/MPSNeuralNetwork.framework/Versions/A/MPSNeuralNetwork
2026-06-15T00:10:05Z[+0.000] In(05) vmx [191ACE000-191AFF580): /System/Library/Frameworks/MetalPerformanceShaders.framework/Versions/A/Frameworks/MPSMatrix.framework/Versions/A/MPSMatrix
2026-06-15T00:10:05Z[+0.000] In(05) vmx [1918E6000-19193A1A0): /System/Library/Frameworks/MetalPerformanceShaders.framework/Versions/A/Frameworks/MPSRayIntersector.framework/Versions/A/MPSRayIntersector
2026-06-15T00:10:05Z[+0.000] In(05) vmx [191B00000-191CCFCE0): /System/Library/Frameworks/MetalPerformanceShaders.framework/Versions/A/Frameworks/MPSNDArray.framework/Versions/A/MPSNDArray
2026-06-15T00:10:05Z[+0.000] In(05) vmx [22BD2D000-22BD40E80): /System/Library/Frameworks/MetalPerformanceShaders.framework/Versions/A/Frameworks/MPSFunctions.framework/Versions/A/MPSFunctions
2026-06-15T00:10:05Z[+0.000] In(05) vmx [22BD0E000-22BD2C200): /System/Library/Frameworks/MetalPerformanceShaders.framework/Versions/A/Frameworks/MPSBenchmarkLoop.framework/Versions/A/MPSBenchmarkLoop
2026-06-15T00:10:05Z[+0.000] In(05) vmx [22BD41000-22BD46540): /System/Library/Frameworks/MetalPerformanceShaders.framework/Versions/A/Frameworks/MPSHost.framework/Versions/A/MPSHost
2026-06-15T00:10:05Z[+0.000] In(05) vmx [182E1B000-1830039C0): /System/Library/PrivateFrameworks/MetalTools.framework/Versions/A/MetalTools
2026-06-15T00:10:05Z[+0.000] In(05) vmx [1B4AE5000-1B4AEE380): /System/Library/PrivateFrameworks/IOAccelMemoryInfo.framework/Versions/A/IOAccelMemoryInfo
2026-06-15T00:10:05Z[+0.000] In(05) vmx [1C2FF6000-1C2FFB8E8): /System/Library/PrivateFrameworks/kperf.framework/Versions/A/kperf
2026-06-15T00:10:05Z[+0.000] In(05) vmx [1AF84A000-1AF84DC60): /System/Library/PrivateFrameworks/GPURawCounter.framework/Versions/A/GPURawCounter
2026-06-15T00:10:05Z[+0.000] In(05) vmx [1A08B7000-1A08DB2A0): /System/Library/PrivateFrameworks/ASEProcessing.framework/Versions/A/ASEProcessing
2026-06-15T00:10:05Z[+0.000] In(05) vmx [264567000-264588E20): /System/Library/PrivateFrameworks/PhotosensitivityProcessing.framework/Versions/A/PhotosensitivityProcessing
2026-06-15T00:10:05Z[+0.000] In(05) vmx [267E8F000-267EFCAC0): /System/Library/PrivateFrameworks/SILManager.framework/Versions/A/SILManager
2026-06-15T00:10:05Z[+0.000] In(05) vmx [2767BD000-2767F91E0): /System/Library/PrivateFrameworks/Tightbeam.framework/Versions/A/Tightbeam
2026-06-15T00:10:05Z[+0.000] In(05) vmx [1BD81D000-1BD823E06): /usr/lib/swift/libswiftCompression.dylib
2026-06-15T00:10:05Z[+0.000] In(05) vmx [1C7E2D000-1C7E37FE0): /System/Library/PrivateFrameworks/AFKUser.framework/Versions/A/AFKUser
2026-06-15T00:10:05Z[+0.000] In(05) vmx [194BF5000-194C22580): /System/Library/Frameworks/ApplicationServices.framework/Versions/A/Frameworks/ATSUI.framework/Versions/A/ATSUI
2026-06-15T00:10:05Z[+0.000] In(05) vmx [1962CB000-19649FC40): /System/Library/Frameworks/AudioToolbox.framework/Versions/A/AudioToolbox
2026-06-15T00:10:05Z[+0.000] In(05) vmx [19213E000-19218E700): /System/Library/Frameworks/UserNotifications.framework/Versions/A/UserNotifications
2026-06-15T00:10:05Z[+0.000] In(05) vmx [1B527A000-1B616AAE0): /System/Library/PrivateFrameworks/SiriInstrumentation.framework/Versions/A/SiriInstrumentation
2026-06-15T00:10:05Z[+0.000] In(05) vmx [26A2EA000-26A407140): /System/Library/PrivateFrameworks/SiriAnalytics.framework/Versions/A/SiriAnalytics
2026-06-15T00:10:05Z[+0.000] In(05) vmx [1B29E2000-1B2A109C0): /System/Library/PrivateFrameworks/FeedbackLogger.framework/Versions/A/FeedbackLogger
2026-06-15T00:10:05Z[+0.000] In(05) vmx [1CD26D000-1CD2B55E0): /usr/lib/swift/libswiftAVFoundation.dylib
2026-06-15T00:10:05Z[+0.000] In(05) vmx [278FE5000-2790AA4C0): /System/Library/PrivateFrameworks/UnifiedAssetFramework.framework/Versions/A/UnifiedAssetFramework
2026-06-15T00:10:05Z[+0.000] In(05) vmx [1850C1000-185483C20): /System/Library/PrivateFrameworks/AudioToolboxCore.framework/Versions/A/AudioToolboxCore
2026-06-15T00:10:05Z[+0.000] In(05) vmx [1964A0000-196520B80): /System/Library/PrivateFrameworks/AudioSession.framework/Versions/A/AudioSession
2026-06-15T00:10:05Z[+0.000] In(05) vmx [1A1B3A000-1A1C08C20): /System/Library/Frameworks/CoreMIDI.framework/Versions/A/CoreMIDI
2026-06-15T00:10:05Z[+0.000] In(05) vmx [196521000-19653A3A0): /usr/lib/libAudioStatistics.dylib
2026-06-15T00:10:05Z[+0.000] In(05) vmx [18EEAA000-18EED3060): /System/Library/PrivateFrameworks/caulk.framework/Versions/A/caulk
2026-06-15T00:10:05Z[+0.000] In(05) vmx [1856AD000-185E42E80): /System/Library/Frameworks/CoreAudio.framework/Versions/A/CoreAudio
2026-06-15T00:10:05Z[+0.000] In(05) vmx [194AEA000-194B0F210): /usr/lib/libAudioToolboxUtility.dylib
2026-06-15T00:10:05Z[+0.000] In(05) vmx [1B61A8000-1B61B10BF): /usr/lib/swift/libswiftCoreMIDI.dylib
2026-06-15T00:10:05Z[+0.000] In(05) vmx [196924000-196931B20): /System/Library/PrivateFrameworks/perfdata.framework/Versions/A/perfdata
2026-06-15T00:10:05Z[+0.000] In(05) vmx [1AE85B000-1AE883F00): /System/Library/PrivateFrameworks/SystemPolicy.framework/Versions/A/SystemPolicy
2026-06-15T00:10:05Z[+0.000] In(05) vmx [1967C9000-1968A9338): /usr/lib/libSMC.dylib
2026-06-15T00:10:05Z[+0.000] In(05) vmx [196932000-19693FCA0): /usr/lib/libperfcheck.dylib
2026-06-15T00:10:05Z[+0.000] In(05) vmx [237353000-237375E00): /System/Library/PrivateFrameworks/AudioAnalytics.framework/Versions/A/AudioAnalytics
2026-06-15T00:10:05Z[+0.000] In(05) vmx [1D56E5000-1D56F53E0): /System/Library/Frameworks/OSLog.framework/Versions/A/OSLog
2026-06-15T00:10:05Z[+0.000] In(05) vmx [1AF7F1000-1AF849B40): /usr/lib/libmis.dylib
2026-06-15T00:10:05Z[+0.000] In(05) vmx [193E63000-193F24EE0): /System/Library/PrivateFrameworks/MediaExperience.framework/Versions/A/MediaExperience
2026-06-15T00:10:05Z[+0.000] In(05) vmx [196275000-1962CA180): /System/Library/PrivateFrameworks/AudioSession.framework/libSessionUtility.dylib
2026-06-15T00:10:05Z[+0.000] In(05) vmx [194C29000-194C391A0): /System/Library/PrivateFrameworks/CMCaptureCore.framework/Versions/A/CMCaptureCore
2026-06-15T00:10:05Z[+0.000] In(05) vmx [193FAF000-193FB5AC0): /usr/lib/libspindump.dylib
2026-06-15T00:10:05Z[+0.000] In(05) vmx [191373000-1914E7E60): /System/Library/PrivateFrameworks/CoreUtils.framework/Versions/A/CoreUtils
2026-06-15T00:10:05Z[+0.000] In(05) vmx [1A76F0000-1A7703A00): /System/Library/PrivateFrameworks/HID.framework/Versions/A/HID
2026-06-15T00:10:05Z[+0.000] In(05) vmx [2413AD000-2413D50C0): /System/Library/PrivateFrameworks/CoreUtilsExtras.framework/Versions/A/CoreUtilsExtras
2026-06-15T00:10:05Z[+0.000] In(05) vmx [250BF4000-250C55320): /System/Library/PrivateFrameworks/IO80211.framework/Versions/A/IO80211
2026-06-15T00:10:05Z[+0.000] In(05) vmx [198463000-19851B000): /System/Library/Frameworks/IOBluetooth.framework/Versions/A/IOBluetooth
2026-06-15T00:10:05Z[+0.000] In(05) vmx [286D7F000-286D8B818): /usr/lib/swift/libswiftRegexBuilder.dylib
2026-06-15T00:10:05Z[+0.000] In(05) vmx [193ABF000-193AC7924): /usr/lib/libIOReport.dylib
2026-06-15T00:10:05Z[+0.000] In(05) vmx [1DDC44000-1DDC95D40): /System/Library/PrivateFrameworks/WiFiPeerToPeer.framework/Versions/A/WiFiPeerToPeer
2026-06-15T00:10:05Z[+0.000] In(05) vmx [239A4F000-239A54D00): /System/Library/PrivateFrameworks/Centauri.framework/Versions/A/Centauri
2026-06-15T00:10:05Z[+0.000] In(05) vmx [1837FF000-18390E360): /System/Library/PrivateFrameworks/Lexicon.framework/Versions/A/Lexicon
2026-06-15T00:10:05Z[+0.000] In(05) vmx [2864F7000-2864FF28B): /usr/lib/libmrc.dylib
2026-06-15T00:10:05Z[+0.000] In(05) vmx [250C5F000-250C69840): /System/Library/PrivateFrameworks/IPConfiguration.framework/Versions/A/IPConfiguration
2026-06-15T00:10:05Z[+0.000] In(05) vmx [1D187A000-1D18834D4): /System/Library/PrivateFrameworks/Netrb.framework/Versions/A/Netrb
2026-06-15T00:10:05Z[+0.000] In(05) vmx [19CA70000-19CB493C0): /System/Library/PrivateFrameworks/FrontBoardServices.framework/Versions/A/FrontBoardServices
2026-06-15T00:10:05Z[+0.000] In(05) vmx [1900B5000-1900BB920): /System/Library/PrivateFrameworks/LinguisticData.framework/Versions/A/LinguisticData
2026-06-15T00:10:05Z[+0.000] In(05) vmx [19CC17000-19CC24540): /System/Library/PrivateFrameworks/GraphicsServices.framework/Versions/A/GraphicsServices
2026-06-15T00:10:05Z[+0.000] In(05) vmx [19F71F000-19F71F513): /System/Library/Frameworks/AudioUnit.framework/Versions/A/AudioUnit
2026-06-15T00:10:05Z[+0.000] In(05) vmx [18CD7A000-18CD87B00): /System/Library/Frameworks/OpenDirectory.framework/Versions/A/OpenDirectory
2026-06-15T00:10:05Z[+0.000] In(05) vmx [18CD88000-18CDB1280): /System/Library/Frameworks/OpenDirectory.framework/Versions/A/Frameworks/CFOpenDirectory.framework/Versions/A/CFOpenDirectory
2026-06-15T00:10:05Z[+0.000] In(05) vmx [227FB5000-2280F7A00): /System/Library/Frameworks/AVFAudio.framework/Versions/A/AVFAudio
2026-06-15T00:10:05Z[+0.000] In(05) vmx [2280F9000-228173EC0): /System/Library/Frameworks/AVRouting.framework/Versions/A/AVRouting
2026-06-15T00:10:05Z[+0.000] In(05) vmx [1A870C000-1A8742760): /usr/lib/libAccessibility.dylib
2026-06-15T00:10:05Z[+0.000] In(05) vmx [254A8D000-254AC4B60): /System/Library/PrivateFrameworks/IsolatedCoreAudioClient.framework/Versions/A/IsolatedCoreAudioClient
2026-06-15T00:10:05Z[+0.000] In(05) vmx [23D1E5000-23D283000): /System/Library/PrivateFrameworks/CoreAudioOrchestration.framework/Versions/A/CoreAudioOrchestration
2026-06-15T00:10:05Z[+0.000] In(05) vmx [195111000-195BB0760): /System/Library/Frameworks/MediaToolbox.framework/Versions/A/MediaToolbox
2026-06-15T00:10:05Z[+0.000] In(05) vmx [19BE1C000-19BE49F88): /System/Library/PrivateFrameworks/CoreAVCHD.framework/Versions/A/CoreAVCHD
2026-06-15T00:10:05Z[+0.000] In(05) vmx [19AD4B000-19AD5D540): /System/Library/Frameworks/MediaAccessibility.framework/Versions/A/MediaAccessibility
2026-06-15T00:10:05Z[+0.000] In(05) vmx [19BE18000-19BE1B77C): /System/Library/PrivateFrameworks/Mangrove.framework/Versions/A/Mangrove
2026-06-15T00:10:05Z[+0.000] In(05) vmx [23908B000-239255680): /System/Library/PrivateFrameworks/CMPhoto.framework/Versions/A/CMPhoto
2026-06-15T00:10:05Z[+0.000] In(05) vmx [19C5E5000-19C7CCAC0): /System/Library/Frameworks/CoreTelephony.framework/Versions/A/CoreTelephony
2026-06-15T00:10:05Z[+0.000] In(05) vmx [19BE0B000-19BE17240): /System/Library/PrivateFrameworks/CoreAUC.framework/Versions/A/CoreAUC
2026-06-15T00:10:05Z[+0.000] In(05) vmx [2361FC000-2363CAB68): /System/Library/PrivateFrameworks/AppleJPEGXL.framework/Versions/A/AppleJPEGXL
2026-06-15T00:10:05Z[+0.000] In(05) vmx [27AF2D000-27AF2E2D0): /System/Library/PrivateFrameworks/VideoToolboxParavirtualizationSupport.framework/Versions/A/VideoToolboxParavirtualizationSupport
2026-06-15T00:10:05Z[+0.000] In(05) vmx [193CD6000-193D1EA00): /System/Library/PrivateFrameworks/AppleVA.framework/Versions/A/AppleVA
2026-06-15T00:10:05Z[+0.000] In(05) vmx [196B3C000-196BC5460): /usr/lib/libTelephonyUtilDynamic.dylib
2026-06-15T00:10:05Z[+0.000] In(05) vmx [194BBC000-194BC07D4): /System/Library/PrivateFrameworks/GPUWrangler.framework/Versions/A/GPUWrangler
2026-06-15T00:10:05Z[+0.000] In(05) vmx [194B9C000-194BBB258): /System/Library/PrivateFrameworks/IOPresentment.framework/Versions/A/IOPresentment
2026-06-15T00:10:05Z[+0.000] In(05) vmx [194BC4000-194BC92F4): /System/Library/PrivateFrameworks/DSExternalDisplay.framework/Versions/A/DSExternalDisplay
2026-06-15T00:10:05Z[+0.000] In(05) vmx [1D87D6000-1D887B360): /System/Library/Frameworks/CryptoKit.framework/Versions/A/CryptoKit
2026-06-15T00:10:05Z[+0.000] In(05) vmx [19F71A000-19F71DD40): /System/Library/PrivateFrameworks/CryptoKitCBridging.framework/Versions/A/CryptoKitCBridging
2026-06-15T00:10:05Z[+0.000] In(05) vmx [19CC29000-19CCAAAE0): /System/Library/Frameworks/CryptoTokenKit.framework/Versions/A/CryptoTokenKit
2026-06-15T00:10:05Z[+0.000] In(05) vmx [19BCF6000-19BD27138): /System/Library/PrivateFrameworks/MediaKit.framework/Versions/A/MediaKit
2026-06-15T00:10:05Z[+0.000] In(05) vmx [19BC44000-19BCF56E0): /System/Library/Frameworks/DiscRecording.framework/Versions/A/DiscRecording
2026-06-15T00:10:05Z[+0.000] In(05) vmx [241F05000-241F74E80): /System/Library/PrivateFrameworks/Dendrite.framework/Versions/A/Dendrite
2026-06-15T00:10:05Z[+0.000] In(05) vmx [1AF3F2000-1AF46B860): /System/Library/Frameworks/NaturalLanguage.framework/Versions/A/NaturalLanguage
2026-06-15T00:10:05Z[+0.000] In(05) vmx [24D61E000-24D6FFF60): /System/Library/PrivateFrameworks/GenerativeModels.framework/Versions/A/GenerativeModels
2026-06-15T00:10:05Z[+0.000] In(05) vmx [1DDBCC000-1DDBD3CC0): /usr/lib/swift/libswiftNaturalLanguage.dylib
2026-06-15T00:10:05Z[+0.000] In(05) vmx [236D72000-236D8A9E0): /System/Library/PrivateFrameworks/AppleMobileFileIntegrity.framework/Versions/A/AppleMobileFileIntegrity
2026-06-15T00:10:05Z[+0.000] In(05) vmx [285656000-28565F400): /usr/lib/libTLE.dylib
2026-06-15T00:10:05Z[+0.000] In(05) vmx [1E72D3000-1E72D55C0): /System/Library/PrivateFrameworks/ConfigProfileHelper.framework/Versions/A/ConfigProfileHelper
2026-06-15T00:10:05Z[+0.000] In(05) vmx [19F8A9000-1A06FA740): /System/Library/PrivateFrameworks/Espresso.framework/Versions/A/Espresso
2026-06-15T00:10:05Z[+0.000] In(05) vmx [18D509000-18DD427A0): /System/Library/Frameworks/CoreML.framework/Versions/A/CoreML
2026-06-15T00:10:05Z[+0.000] In(05) vmx [1DBA89000-1DBAA6DA0): /usr/lib/libedit.3.dylib
2026-06-15T00:10:05Z[+0.000] In(05) vmx [224DC4000-22643D068): /System/Library/PrivateFrameworks/ANECompiler.framework/Versions/A/ANECompiler
2026-06-15T00:10:05Z[+0.000] In(05) vmx [1A197E000-1A19EC120): /System/Library/PrivateFrameworks/AppleNeuralEngine.framework/Versions/A/AppleNeuralEngine
2026-06-15T00:10:05Z[+0.000] In(05) vmx [2561C1000-256857924): /System/Library/PrivateFrameworks/MIL.framework/Versions/A/MIL
2026-06-15T00:10:05Z[+0.000] In(05) vmx [22BD47000-22D07E840): /System/Library/Frameworks/MetalPerformanceShadersGraph.framework/Versions/A/MetalPerformanceShadersGraph
2026-06-15T00:10:05Z[+0.000] In(05) vmx [256930000-256949828): /System/Library/PrivateFrameworks/MLCompilerServices.framework/Versions/A/MLCompilerServices
2026-06-15T00:10:05Z[+0.000] In(05) vmx [1A06FB000-1A072B9A0): /System/Library/PrivateFrameworks/ANEServices.framework/Versions/A/ANEServices
2026-06-15T00:10:05Z[+0.000] In(05) vmx [1B4AA8000-1B4AE42B0): /usr/lib/libncurses.5.4.dylib
2026-06-15T00:10:05Z[+0.000] In(05) vmx [1869B6000-186A12690): /usr/lib/libsandbox.1.dylib
2026-06-15T00:10:05Z[+0.000] In(05) vmx [193C60000-193C67404): /usr/lib/libMatch.1.dylib
2026-06-15T00:10:05Z[+0.000] In(05) vmx [2601B0000-2604283E0): /System/Library/PrivateFrameworks/ODIE.framework/Versions/A/ODIE
2026-06-15T00:10:05Z[+0.000] In(05) vmx [2595BD000-2595D4320): /System/Library/PrivateFrameworks/MLModelAsset.framework/Versions/A/MLModelAsset
2026-06-15T00:10:05Z[+0.000] In(05) vmx [2568D6000-25692FB10): /System/Library/PrivateFrameworks/MLCompilerRuntime.framework/Versions/A/MLCompilerRuntime
2026-06-15T00:10:05Z[+0.000] In(05) vmx [19193B000-191ACDEE0): /System/Library/Frameworks/MLCompute.framework/Versions/A/MLCompute
2026-06-15T00:10:05Z[+0.000] In(05) vmx [256858000-2568D5040): /System/Library/PrivateFrameworks/MLAssetIO.framework/Versions/A/MLAssetIO
2026-06-15T00:10:05Z[+0.000] In(05) vmx [286D51000-286D58320): /usr/lib/swift/libswiftMLCompute.dylib
2026-06-15T00:10:05Z[+0.000] In(05) vmx [19C800000-19CA6F120): /System/Library/PrivateFrameworks/AVFCore.framework/Versions/A/AVFCore
2026-06-15T00:10:05Z[+0.000] In(05) vmx [1A600E000-1A624F900): /System/Library/PrivateFrameworks/AVFCapture.framework/Versions/A/AVFCapture
2026-06-15T00:10:05Z[+0.000] In(05) vmx [238E82000-23908A4A0): /System/Library/PrivateFrameworks/CMImaging.framework/Versions/A/CMImaging
2026-06-15T00:10:05Z[+0.000] In(05) vmx [1A6250000-1A6380D20): /System/Library/PrivateFrameworks/Quagga.framework/Versions/A/Quagga
2026-06-15T00:10:05Z[+0.000] In(05) vmx [1A6381000-1A69BC6A0): /System/Library/PrivateFrameworks/CMCapture.framework/Versions/A/CMCapture
2026-06-15T00:10:05Z[+0.000] In(05) vmx [1966C6000-1967C8880): /System/Library/Frameworks/CoreMediaIO.framework/Versions/A/CoreMediaIO
2026-06-15T00:10:05Z[+0.000] In(05) vmx [238DBD000-238DBF130): /System/Library/PrivateFrameworks/CMCaptureDevice.framework/Versions/A/CMCaptureDevice
2026-06-15T00:10:05Z[+0.000] In(05) vmx [19409B000-19421BCC0): /System/Library/PrivateFrameworks/CoreBrightness.framework/Versions/A/CoreBrightness
2026-06-15T00:10:05Z[+0.000] In(05) vmx [239F46000-239F7E5A0): /System/Library/PrivateFrameworks/CinematicFraming.framework/Versions/A/CinematicFraming
2026-06-15T00:10:05Z[+0.000] In(05) vmx [25C698000-25C830400): /System/Library/PrivateFrameworks/ModelManagerServices.framework/Versions/A/ModelManagerServices
2026-06-15T00:10:05Z[+0.000] In(05) vmx [1CA2D7000-1CA2E1B40): /System/Library/PrivateFrameworks/CPMS.framework/Versions/A/CPMS
2026-06-15T00:10:05Z[+0.000] In(05) vmx [273EE5000-273F406E0): /System/Library/PrivateFrameworks/SystemStatus.framework/Versions/A/SystemStatus
2026-06-15T00:10:05Z[+0.000] In(05) vmx [1AE230000-1AE5CA2A0): /System/Library/Frameworks/CoreMotion.framework/Versions/A/CoreMotion
2026-06-15T00:10:05Z[+0.000] In(05) vmx [1BE7F9000-1BE879900): /System/Library/PrivateFrameworks/TimeSync.framework/Versions/A/TimeSync
2026-06-15T00:10:05Z[+0.000] In(05) vmx [2428CB000-2428E1680): /System/Library/PrivateFrameworks/DistributedSensing.framework/Versions/A/DistributedSensing
2026-06-15T00:10:05Z[+0.000] In(05) vmx [1B9BF0000-1B9C29BA8): /System/Library/PrivateFrameworks/MobileBluetooth.framework/Versions/A/MobileBluetooth
2026-06-15T00:10:05Z[+0.000] In(05) vmx [1C04B6000-1C04BFB60): /System/Library/PrivateFrameworks/IOKitten.framework/Versions/A/IOKitten
2026-06-15T00:10:05Z[+0.000] In(05) vmx [2560A3000-2560A75E0): /System/Library/PrivateFrameworks/LocationLogEncryption.framework/Versions/A/LocationLogEncryption
2026-06-15T00:10:05Z[+0.000] In(05) vmx [236076000-2361055E0): /System/Library/PrivateFrameworks/AppleIntelligenceReporting.framework/Versions/A/AppleIntelligenceReporting
2026-06-15T00:10:05Z[+0.000] In(05) vmx [191282000-1912B5640): /System/Library/PrivateFrameworks/CoreEmoji.framework/Versions/A/CoreEmoji
2026-06-15T00:10:05Z[+0.000] In(05) vmx [184DF1000-184F9FEE0): /System/Library/PrivateFrameworks/LanguageModeling.framework/Versions/A/LanguageModeling
2026-06-15T00:10:05Z[+0.000] In(05) vmx [189D67000-189F5B460): /System/Library/PrivateFrameworks/Montreal.framework/Versions/A/Montreal
2026-06-15T00:10:05Z[+0.000] In(05) vmx [1923F2000-192404458): /usr/lib/libcmph.dylib
2026-06-15T00:10:05Z[+0.000] In(05) vmx [24D700000-24D775BA0): /System/Library/PrivateFrameworks/GenerativeModelsFoundation.framework/Versions/A/GenerativeModelsFoundation
2026-06-15T00:10:05Z[+0.000] In(05) vmx [276CC2000-276EF9180): /System/Library/PrivateFrameworks/TokenGeneration.framework/Versions/A/TokenGeneration
2026-06-15T00:10:05Z[+0.000] In(05) vmx [24D4D4000-24D5217A7): /System/Library/PrivateFrameworks/GenerativeFunctions.framework/Versions/A/GenerativeFunctions
2026-06-15T00:10:05Z[+0.000] In(05) vmx [24D522000-24D5B7880): /System/Library/PrivateFrameworks/GenerativeFunctionsFoundation.framework/Versions/A/GenerativeFunctionsFoundation
2026-06-15T00:10:05Z[+0.000] In(05) vmx [25C35E000-25C5FB140): /System/Library/PrivateFrameworks/ModelCatalog.framework/Versions/A/ModelCatalog
2026-06-15T00:10:05Z[+0.000] In(05) vmx [269504000-2695F10C0): /System/Library/PrivateFrameworks/SensitiveContentAnalysisML.framework/Versions/A/SensitiveContentAnalysisML
2026-06-15T00:10:05Z[+0.000] In(05) vmx [24D5B8000-24D61D980): /System/Library/PrivateFrameworks/GenerativeFunctionsInstrumentation.framework/Versions/A/GenerativeFunctionsInstrumentation
2026-06-15T00:10:05Z[+0.000] In(05) vmx [26637C000-26652B960): /System/Library/PrivateFrameworks/PromptKit.framework/Versions/A/PromptKit
2026-06-15T00:10:05Z[+0.000] In(05) vmx [265D93000-265DC05A0): /System/Library/PrivateFrameworks/ProactiveDaemonSupport.framework/Versions/A/ProactiveDaemonSupport
2026-06-15T00:10:05Z[+0.000] In(05) vmx [276EFA000-2770C7F40): /System/Library/PrivateFrameworks/TokenGenerationCore.framework/Versions/A/TokenGenerationCore
2026-06-15T00:10:05Z[+0.000] In(05) vmx [1B02BD000-1B0366700): /System/Library/PrivateFrameworks/Trial.framework/Versions/A/Trial
2026-06-15T00:10:05Z[+0.000] In(05) vmx [1B023E000-1B02BCA00): /System/Library/PrivateFrameworks/TrialProto.framework/Versions/A/TrialProto
2026-06-15T00:10:05Z[+0.000] In(05) vmx [235CA2000-235CBD0A0): /System/Library/PrivateFrameworks/AppleFlatBuffers.framework/Versions/A/AppleFlatBuffers
2026-06-15T00:10:05Z[+0.000] In(05) vmx [2697D4000-269866900): /System/Library/PrivateFrameworks/SentencePieceInternal.framework/Versions/A/SentencePieceInternal
2026-06-15T00:10:05Z[+0.000] In(05) vmx [19ADA5000-19B43EEC0): /System/Library/Frameworks/Vision.framework/Versions/A/Vision
2026-06-15T00:10:05Z[+0.000] In(05) vmx [24108F000-241194FC0): /System/Library/PrivateFrameworks/CoreSceneUnderstanding.framework/Versions/A/CoreSceneUnderstanding
2026-06-15T00:10:05Z[+0.000] In(05) vmx [27BB3A000-27BB860A0): /System/Library/PrivateFrameworks/VisionCore.framework/Versions/A/VisionCore
2026-06-15T00:10:05Z[+0.000] In(05) vmx [19504E000-19509FD20): /System/Library/PrivateFrameworks/DataDetectorsCore.framework/Versions/A/DataDetectorsCore
2026-06-15T00:10:05Z[+0.000] In(05) vmx [1B8B7E000-1B94246A0): /System/Library/Frameworks/Vision.framework/libfaceCore.dylib
2026-06-15T00:10:05Z[+0.000] In(05) vmx [1B9698000-1B96AF260): /System/Library/PrivateFrameworks/Futhark.framework/Versions/A/Futhark
2026-06-15T00:10:05Z[+0.000] In(05) vmx [1BD5D6000-1BD64D3E0): /System/Library/PrivateFrameworks/InertiaCam.framework/Versions/A/InertiaCam
2026-06-15T00:10:05Z[+0.000] In(05) vmx [1B9425000-1B96975A0): /System/Library/PrivateFrameworks/TextRecognition.framework/Versions/A/TextRecognition
2026-06-15T00:10:05Z[+0.000] In(05) vmx [229963000-229970C00): /System/Library/Frameworks/DataDetection.framework/Versions/A/DataDetection
2026-06-15T00:10:05Z[+0.000] In(05) vmx [1B364E000-1B3825100): /System/Library/PrivateFrameworks/TextInput.framework/Versions/A/TextInput
2026-06-15T00:10:05Z[+0.000] In(05) vmx [193AFD000-193BFA840): /System/Library/PrivateFrameworks/CVNLP.framework/Versions/A/CVNLP
2026-06-15T00:10:05Z[+0.000] In(05) vmx [229448000-229490FE0): /System/Library/Frameworks/CoreTransferable.framework/Versions/A/CoreTransferable
2026-06-15T00:10:05Z[+0.000] In(05) vmx [196909000-196915C18): /System/Library/PrivateFrameworks/NetAuth.framework/Versions/A/NetAuth
2026-06-15T00:10:05Z[+0.000] In(05) vmx [18CF9E000-18CFA0F60): /System/Library/PrivateFrameworks/login.framework/Versions/A/Frameworks/loginsupport.framework/Versions/A/loginsupport
2026-06-15T00:10:05Z[+0.000] In(05) vmx [188136000-1882EE840): /System/Library/PrivateFrameworks/UIFoundation.framework/Versions/A/UIFoundation
2026-06-15T00:10:05Z[+0.000] In(05) vmx [1D5BCE000-1D5BD90C0): /System/Library/PrivateFrameworks/HIDDisplay.framework/Versions/A/HIDDisplay
2026-06-15T00:10:05Z[+0.000] In(05) vmx [1968AA000-196908BA0): /usr/lib/libcups.2.dylib
2026-06-15T00:10:05Z[+0.000] In(05) vmx [196940000-196951188): /System/Library/Frameworks/Kerberos.framework/Versions/A/Kerberos
2026-06-15T00:10:05Z[+0.000] In(05) vmx [1965B1000-1965CD19C): /usr/lib/libresolv.9.dylib
2026-06-15T00:10:05Z[+0.000] In(05) vmx [193FB6000-194076E00): /System/Library/PrivateFrameworks/Heimdal.framework/Versions/A/Heimdal
2026-06-15T00:10:05Z[+0.000] In(05) vmx [19F71E000-19F71E3F8): /System/Library/Frameworks/Kerberos.framework/Versions/A/Libraries/libHeimdalProxy.dylib
2026-06-15T00:10:05Z[+0.000] In(05) vmx [1969A4000-1969B4D70): /System/Library/PrivateFrameworks/CommonAuth.framework/Versions/A/CommonAuth
2026-06-15T00:10:05Z[+0.000] In(05) vmx [1A8600000-1A870BA40): /System/Library/PrivateFrameworks/AXCoreUtilities.framework/Versions/A/AXCoreUtilities
2026-06-15T00:10:05Z[+0.000] In(05) vmx [1B89C9000-1B8A0E100): /System/Library/PrivateFrameworks/AttributeGraph.framework/Versions/A/AttributeGraph
2026-06-15T00:10:05Z[+0.000] In(05) vmx [285157000-285159D60): /usr/lib/libAXSafeCategoryBundle.dylib
2026-06-15T00:10:05Z[+0.000] In(05) vmx [2300D2000-230210B60): /System/Library/Frameworks/TabularData.framework/Versions/A/TabularData
2026-06-15T00:10:05Z[+0.000] In(05) vmx [236F22000-236F9DEA8): /System/Library/PrivateFrameworks/ArgumentParserInternal.framework/Versions/A/ArgumentParserInternal
2026-06-15T00:10:05Z[+0.000] In(05) vmx [191144000-191281470): /System/Library/Frameworks/Accelerate.framework/Versions/A/Frameworks/vecLib.framework/Versions/A/libvDSP.dylib
2026-06-15T00:10:05Z[+0.000] In(05) vmx [1926B2000-193882950): /System/Library/Frameworks/Accelerate.framework/Versions/A/Frameworks/vecLib.framework/Versions/A/libLAPACK.dylib
2026-06-15T00:10:05Z[+0.000] In(05) vmx [19167B000-19168EE40): /System/Library/Frameworks/Accelerate.framework/Versions/A/Frameworks/vecLib.framework/Versions/A/libLinearAlgebra.dylib
2026-06-15T00:10:05Z[+0.000] In(05) vmx [1925A9000-1925CFAC4): /System/Library/Frameworks/Accelerate.framework/Versions/A/Frameworks/vecLib.framework/Versions/A/libSparseBLAS.dylib
2026-06-15T00:10:05Z[+0.000] In(05) vmx [1926AD000-1926B1268): /System/Library/Frameworks/Accelerate.framework/Versions/A/Frameworks/vecLib.framework/Versions/A/libQuadrature.dylib
2026-06-15T00:10:05Z[+0.000] In(05) vmx [1900BC000-191143BD0): /System/Library/Frameworks/Accelerate.framework/Versions/A/Frameworks/vecLib.framework/Versions/A/libBNNS.dylib
2026-06-15T00:10:05Z[+0.000] In(05) vmx [18390F000-183A7C418): /System/Library/Frameworks/Accelerate.framework/Versions/A/Frameworks/vecLib.framework/Versions/A/libSparse.dylib
2026-06-15T00:10:05Z[+0.000] In(05) vmx [2516E6000-2517EF2E0): /System/Library/PrivateFrameworks/InstalledContentLibrary.framework/Versions/A/InstalledContentLibrary
2026-06-15T00:10:05Z[+0.000] In(05) vmx [18687A000-1868B91C0): /System/Library/PrivateFrameworks/CoreServicesStore.framework/Versions/A/CoreServicesStore
2026-06-15T00:10:05Z[+0.000] In(05) vmx [18CDE9000-18CDEC090): /usr/lib/libapp_launch_measurement.dylib
2026-06-15T00:10:05Z[+0.000] In(05) vmx [1C310D000-1C3112640): /System/Library/PrivateFrameworks/MobileSystemServices.framework/Versions/A/MobileSystemServices
2026-06-15T00:10:05Z[+0.000] In(05) vmx [193982000-1939ACCE0): /usr/lib/libxslt.1.dylib
2026-06-15T00:10:05Z[+0.000] In(05) vmx [19EBF5000-19ECAE580): /System/Library/PrivateFrameworks/DiskImages.framework/Versions/A/DiskImages
2026-06-15T00:10:05Z[+0.000] In(05) vmx [1AC1AB000-1AC1BA200): /System/Library/Frameworks/NetFS.framework/Versions/A/NetFS
2026-06-15T00:10:05Z[+0.000] In(05) vmx [19EDB0000-19EE30F44): /usr/lib/libcurl.4.dylib
2026-06-15T00:10:05Z[+0.000] In(05) vmx [285E5B000-285F6CB18): /usr/lib/libcrypto.46.dylib
2026-06-15T00:10:05Z[+0.000] In(05) vmx [2869FA000-286A32528): /usr/lib/libssl.48.dylib
2026-06-15T00:10:05Z[+0.000] In(05) vmx [19EA8A000-19EAC54F0): /System/Library/Frameworks/LDAP.framework/Versions/A/LDAP
2026-06-15T00:10:05Z[+0.000] In(05) vmx [19EAC6000-19EAC77B8): /System/Library/PrivateFrameworks/TrustEvaluationAgent.framework/Versions/A/TrustEvaluationAgent
2026-06-15T00:10:05Z[+0.000] In(05) vmx [1965CE000-1965E07E8): /usr/lib/libsasl2.2.dylib
2026-06-15T00:10:05Z[+0.000] In(05) vmx [186A13000-188135FA0): /System/Library/Frameworks/AppKit.framework/Versions/C/AppKit
2026-06-15T00:10:05Z[+0.000] In(05) vmx [23ADC6000-23ADEA900): /System/Library/PrivateFrameworks/CollectionViewCore.framework/Versions/A/CollectionViewCore
2026-06-15T00:10:05Z[+0.000] In(05) vmx [18F657000-18F65C360): /System/Library/PrivateFrameworks/XCTTargetBootstrap.framework/Versions/A/XCTTargetBootstrap
2026-06-15T00:10:05Z[+0.000] In(05) vmx [1950A0000-1951108E0): /System/Library/PrivateFrameworks/UserActivity.framework/Versions/A/UserActivity
2026-06-15T00:10:05Z[+0.000] In(05) vmx [244834000-2448F5380): /System/Library/PrivateFrameworks/FrontBoard.framework/Versions/A/FrontBoard
2026-06-15T00:10:05Z[+0.000] In(05) vmx [27890A000-278A40520): /System/Library/PrivateFrameworks/UIIntelligenceSupport.framework/Versions/A/UIIntelligenceSupport
2026-06-15T00:10:05Z[+0.000] In(05) vmx [22F15B000-2300B7920): /System/Library/Frameworks/SwiftUICore.framework/Versions/A/SwiftUICore
2026-06-15T00:10:05Z[+0.000] In(05) vmx [27F49F000-27F4A3A00): /System/Library/PrivateFrameworks/WritingTools.framework/Versions/A/WritingTools
2026-06-15T00:10:05Z[+0.000] In(05) vmx [27E29A000-27E2BA1C0): /System/Library/PrivateFrameworks/WindowManagement.framework/Versions/A/WindowManagement
2026-06-15T00:10:05Z[+0.000] In(05) vmx [244569000-2445BC540): /System/Library/PrivateFrameworks/FocusEngine.framework/Versions/A/FocusEngine
2026-06-15T00:10:05Z[+0.000] In(05) vmx [241F75000-2420F2B00): /System/Library/PrivateFrameworks/DesignLibrary.framework/Versions/A/DesignLibrary
2026-06-15T00:10:05Z[+0.000] In(05) vmx [18F642000-18F656600): /System/Library/PrivateFrameworks/DFRFoundation.framework/Versions/A/DFRFoundation
2026-06-15T00:10:05Z[+0.000] In(05) vmx [279853000-279855200): /System/Library/PrivateFrameworks/UpdateCycle.framework/Versions/A/UpdateCycle
2026-06-15T00:10:05Z[+0.000] In(05) vmx [18F346000-18F641120): /System/Library/Frameworks/Carbon.framework/Versions/A/Frameworks/HIToolbox.framework/Versions/A/HIToolbox
2026-06-15T00:10:05Z[+0.000] In(05) vmx [19A66B000-19A66E968): /System/Library/Frameworks/Carbon.framework/Versions/A/Frameworks/SpeechRecognition.framework/Versions/A/SpeechRecognition
2026-06-15T00:10:05Z[+0.000] In(05) vmx [18CD70000-18CD79E80): /System/Library/PrivateFrameworks/PerformanceAnalysis.framework/Versions/A/PerformanceAnalysis
2026-06-15T00:10:05Z[+0.000] In(05) vmx [19A9FB000-19AA1DDA0): /System/Library/Frameworks/Accessibility.framework/Versions/A/Accessibility
2026-06-15T00:10:05Z[+0.000] In(05) vmx [2300B8000-2300CBE40): /System/Library/Frameworks/Symbols.framework/Versions/A/Symbols
2026-06-15T00:10:05Z[+0.000] In(05) vmx [24DAC9000-24DB8CEA0): /System/Library/PrivateFrameworks/Gestures.framework/Versions/A/Gestures
2026-06-15T00:10:05Z[+0.000] In(05) vmx [286E22000-286E98730): /usr/lib/swift/libswiftSpatial.dylib
2026-06-15T00:10:05Z[+0.000] In(05) vmx [1AC705000-1AC705358): /usr/lib/swift/libswiftCoreGraphics.dylib
2026-06-15T00:10:05Z[+0.000] In(05) vmx [19B43F000-19B43F3F0): /usr/lib/swift/libswiftFoundation.dylib
2026-06-15T00:10:05Z[+0.000] In(05) vmx [1E6C77000-1E6C99250): /usr/lib/swift/libswiftSwiftOnoneSupport.dylib
2026-06-15T00:10:05Z[+0.000] In(05) vmx [2870A8000-2870A83D4): /usr/lib/swift/libswiftsys_time.dylib
2026-06-15T00:10:05Z[+0.000] In(05) vmx [1D18B8000-1D18DCC20): /System/Library/PrivateFrameworks/CoreMaterial.framework/Versions/A/CoreMaterial
2026-06-15T00:10:05Z[+0.000] In(05) vmx [285653000-285653360): /usr/lib/libSpatial.dylib
2026-06-15T00:10:05Z[+0.000] In(05) vmx [285074000-2850778A0): /System/Library/SubFrameworks/UIUtilities.framework/Versions/A/UIUtilities
2026-06-15T00:10:05Z[+0.000] In(05) vmx [1AE22F000-1AE22F818): /System/Library/Frameworks/Carbon.framework/Versions/A/Carbon
2026-06-15T00:10:05Z[+0.000] In(05) vmx [1A442E000-1A4431BA8): /System/Library/Frameworks/Carbon.framework/Versions/A/Frameworks/CommonPanels.framework/Versions/A/CommonPanels
2026-06-15T00:10:05Z[+0.000] In(05) vmx [19ED9B000-19ED9E654): /System/Library/Frameworks/Carbon.framework/Versions/A/Frameworks/Help.framework/Versions/A/Help
2026-06-15T00:10:05Z[+0.000] In(05) vmx [1A4432000-1A44341FC): /System/Library/Frameworks/Carbon.framework/Versions/A/Frameworks/ImageCapture.framework/Versions/A/ImageCapture
2026-06-15T00:10:05Z[+0.000] In(05) vmx [1A440D000-1A4429BA0): /System/Library/Frameworks/Carbon.framework/Versions/A/Frameworks/OpenScripting.framework/Versions/A/OpenScripting
2026-06-15T00:10:05Z[+0.000] In(05) vmx [1A442D000-1A442D864): /System/Library/Frameworks/Carbon.framework/Versions/A/Frameworks/Ink.framework/Versions/A/Ink
2026-06-15T00:10:05Z[+0.000] In(05) vmx [1A442A000-1A442CD28): /System/Library/Frameworks/Carbon.framework/Versions/A/Frameworks/SecurityHI.framework/Versions/A/SecurityHI
2026-06-15T00:10:05Z[+0.000] In(05) vmx [2854C7000-2854C8D20): /usr/lib/libInterpreterSecurity.dylib
2026-06-15T00:10:05Z[+0.000] In(05) vmx [1C4E89000-1C4E9C200): /System/Library/PrivateFrameworks/XprotectFramework.framework/Versions/A/XprotectFramework
2026-06-15T00:10:05Z[+0.000] In(05) vmx [1A7A11000-1A7A5908C): /System/Library/PrivateFrameworks/yara.framework/Versions/A/yara
2026-06-15T00:10:05Z[+0.000] In(05) vmx [285444000-28544E5BC): /usr/lib/libEndpointSecuritySystem.dylib
2026-06-15T00:10:05Z[+0.000] In(05) vmx [22AA4C000-22AAC4DAE): /System/Library/Frameworks/Hypervisor.framework/Versions/A/Hypervisor
2026-06-15T00:10:05Z[+0.000] In(05) vmx [2315E7000-2315ED21C): /System/Library/Frameworks/vmnet.framework/Versions/A/vmnet
2026-06-15T00:10:05Z[+0.000] In(05) vmx [22DF10000-22DFC9EE0): /System/Library/Frameworks/ParavirtualizedGraphics.framework/Versions/A/ParavirtualizedGraphics
2026-06-15T00:10:05Z[+0.000] In(05) vmx [1B9798000-1B9A109E0): /System/Library/CoreServices/RawCamera.bundle/Contents/MacOS/RawCamera
2026-06-15T00:10:05Z[+0.000] In(05) vmx [28515B000-28515F140): /usr/lib/libAccessibilityBaseImplementations.dylib
2026-06-15T00:10:05Z[+0.000] In(05) vmx [10A690000-10A6A8000): /System/Library/Extensions/IOHIDFamily.kext/Contents/PlugIns/IOHIDLib.plugin/Contents/MacOS/IOHIDLib
2026-06-15T00:10:05Z[+0.000] In(05) vmx [24B3BA000-24B3DFA80): /System/Library/PrivateFrameworks/GamePolicy.framework/Versions/A/GamePolicy
2026-06-15T00:10:05Z[+0.000] In(05) vmx [24B3E0000-24B3F3C00): /System/Library/PrivateFrameworks/GamePolicyFoundation.framework/Versions/A/GamePolicyFoundation
2026-06-15T00:10:05Z[+0.000] In(05) vmx [1148F8000-115170000): /System/Library/Extensions/AGXMetalG16G_B0.bundle/Contents/MacOS/AGXMetalG16G_B0
2026-06-15T00:10:05Z[+0.000] In(05) vmx [1A7704000-1A77553C0): /System/Library/PrivateFrameworks/IOGPU.framework/Versions/A/IOGPU
2026-06-15T00:10:05Z[+0.000] In(05) vmx [22D7E3000-22D7ED31C): /System/Library/Frameworks/PCSC.framework/Versions/A/PCSC
2026-06-15T00:10:05Z[+0.000] In(05) vmx End printing loaded objects
2026-06-15T00:10:05Z[+0.000] In(05) vmx Panic: monitor not available, skipping monitor coredump.
2026-06-15T00:10:05Z[+0.000] In(05) vmx Exiting
